OPIS Truckstop ID,Truckstop Name,Address,City,State,Rack ID,Retail Price
7,WOODSHED OF BIG CABIN,"I-44, EXIT 283 & US-69",Big Cabin,OK,307,3.00733333
9,KWIK TRIP #796,"I-94, EXIT 143 & US-12 & SR-21",Tomah,WI,420,3.28733333
20,PILOT TRAVEL CENTER #1243,"I-8, EXIT 119 & SR-85",Gila Bend,AZ,930,3.899
20,PILOT #1243,"I-8, EXIT 119 & SR-85",Gila Bend,AZ,930,3.899
28,LITTLEFIELD EXPRESS #2,"I-540, EXIT 12 & US-71",Fort Smith,AR,645,3.399
35,ACI TRUCK STOP,US-46,Columbia,NJ,90,3.079
36,SHENANDOAH TRUCK CENTER,"I-81, EXIT 273 & SR-703/SR-292",Mount Jackson,VA,60,2.899
44,CIRCLE K #2612042,"I-35,  EXIT 271",Jarrell,TX,595,2.919
46,PETRO STOPPING CENTER #348,"I-85,  EXIT 22 & CR-138",Shorter,AL,720,3.154
49,TA SEYMOUR TRAVEL CENTER,"I-65, EXIT 50 & US-50 & US-31",Seymour,IN,415,3.959
50,TA COUNCIL BLUFFS TRAVEL CENTER,"I-29 & I-80, EXIT 3",Council Bluffs,IA,319,3.72566666
56,TOPS TRUCK STOP,"I-94, EXIT 182 & US-83",Sterling,ND,390,3.51566666
75,Good 2 Go #709,US-50,Montrose,CO,810,3.424
77,OASIS TRAVEL PLAZA,US-13,Laurel,DE,243,3.229
79,DELAWARE TRUCK PLAZA,US-13 & US-40,New Castle                              ,DE,243,3.249
81,One9 #89,"I-75, EXIT 224",Ellenton,FL,225,3.439
85,DOWNIEVILLE FUEL STOP,"I-70, EXIT 234",Dumont,CO,800,3.459
91,MOLLYS FOOD & FUEL,"I-20 & ST 22, EXIT 55",Crawfordville                           ,GA,135,3.499
105,TA SAGINAW I 75 TRAVEL CENTER,"I-75, EXIT 144-B",Bridgeport,MI,260,3.269
105,TA SAGINAW I 75 TRAVEL CENTER,"I-75, EXIT 144-B",Bridgeport,MI,260,3.339
105,TA SAGINAW I 75 TRAVEL CENTER,"I-75, EXIT 144-B",Bridgeport,MI,260,3.429
105,TA SAGINAW I 75 TRAVEL CENTER,"I-75, EXIT 144-B",Bridgeport,MI,260,3.289
105,TA SAGINAW I 75 TRAVEL CENTER,"I-75, EXIT 144-B",Bridgeport,MI,260,3.399
105,TA SAGINAW I 75 TRAVEL CENTER,"I-75, EXIT 144-B",Bridgeport,MI,260,3.299
118,Lupton Truck Stop #567,"I-40, EXIT 359",Lupton,AZ,580,3.299
121,PETRO STOPPING CENTER #306,"I-10, EXIT 200",Eloy,AZ,930,3.474
127,CIRCLE K #4700095,US-41,Henderson,KY,340,3.609
128,THE EFFINGHAM CHROME SHOP,"I-57 & I-70, EXIT 159",Effingham                               ,IL,510,3.399
128,THE EFFINGHAM CHROME SHOP,"I-57 & I-70, EXIT 159",Effingham                               ,IL,510,3.349
128,THE EFFINGHAM CHROME SHOP,"I-57 & I-70, EXIT 159",Effingham                               ,IL,510,3.549
135,LOVES TRAVEL STOP #766,"I-80, EXIT 27",Atkinson,IL,290,3.589
135,LOVES TRAVEL STOP #766,"I-80, EXIT 27",Atkinson,IL,290,3.389
135,LOVES TRAVEL STOP #766,"I-80, EXIT 27",Atkinson,IL,290,3.449
147,SPEEDWAY #8039,"I-69, EXIT 234 & SR-67",Daleville,IN,375,3.624
149,RAYS TRUCK WASH,"I-69, EXIT 309 & US-30",Fort Wayne                              ,IN,370,3.59233333
151,CUBBYS #2101,"I-80, EXIT 211 & SR-47",Gothenburg,NE,475,3.13233333
159,PILOT TRAVEL CENTER #87,"I-10, EXIT 343",Jacksonville,FL,75,3.859
159,PILOT TRAVEL CENTERS #87,"I-10, EXIT 343",Jacksonville,FL,75,3.859
160,PILOT TRAVEL CENTERS #79,"I-12, EXIT 10 AT MILE 10",Denham Springs                          ,LA,600,3.23233333
164,FLYING J TRAVEL PLAZA #650,"I-94, EXIT 15 B",Lake Station                            ,IN,365,3.809
167,FLYING J TRAVEL PLAZA #653,RT 2 & I-65 EXIT 240,Hebron,IN,365,3.43566666
174,Hop-In Food Stores,US-59 & SR-224,Nacogdoches                             ,TX,618,2.859
184,SAPP BROS TRAVEL CENTER,"I-29 & I-80, EXIT 1B",Council Bluffs,IA,486,3.719
186,COFFEE CUP FUEL STOP #5,"I-90, EXIT 154 & US-16",Moorcroft                               ,WY,822,3.239
187,DUDLEYS CORNER,"I-35, EXIT 165 & SR-3",Latimer,IA,433,3.23233333
191,KUM & GO #0302,"I-35, EXIT 193 & SR 106",Clear Lake,IA,433,3.18566666
192,Brew Stuart Truckstop,"I-80, EXIT 93",Stuart                                  ,IA,320,3.099
195,PETRO STOPPING CENTER #311,"I-40 & I-55, EXIT 280",West Memphis,AR,435,3.36733333
198,SINCLAIR,"I-76, EXIT 115",Atwood,CO,800,3.299
199,PETRO STOPPING CENTER #366,"I-70, EXIT 252",Salina,KS,523,3.80566666
203,PILOT TRAVEL CENTER #31,"I-80/94, EXIT 2",Highland,IN,365,3.829
203,PILOT TRAVEL CENTERS #31,"I-80/94, EXIT 2",Highland,IN,365,3.799
207,MARATHON,SR-32,Sardinia                                ,OH,300,3.56566666
216,CIRCLE K #2721593,"I-10, EXIT 50",Ocean Springs,MS,715,3.41566666
217,NORTH 9TH 24/7,"I-70, EXIT 252",Salina,KS,523,3.02566666
231,DERBY CITYS TRUCK PLAZA,"I-75, EXIT 62 & US-25",Mount Vernon,KY,410,2.999
235,PILOT TRAVEL CENTERS #92,"I-75, EXIT 358",Ocala,FL,225,3.359
235,PILOT TRAVEL CENTER #92,"I-75, EXIT 358",Ocala,FL,225,3.41233333
240,LA 1 SOUTH TRUCKSTOP,"I-10, EXIT 153 & SR-1",Port Allen,LA,600,3.039
243,SAVE,US-41 & SR-10,Lake Village,IN,399,3.179
244,BIG D TRUCK TRAVEL PLAZA,"I-10, EXIT 92 & SR-95",Duson,LA,725,2.98233333
248,Mardi Gras Truck Stop,"I-10, EXIT 236",New Orleans,LA,725,3.729
250,GOLDEN OX TRUCK STOP,"I-70/US-40, EXIT 159 & US-183",Hays,KS,523,3.499
253,LOVES TRAVEL STOP #450,"I-40, EXIT 280 & I-55, EXIT 4",West Memphis,AR,435,3.32566666
256,BFS FOODS #66,"I-68/US-40, EXIT 22 & US-219",Grantsville                             ,MD,165,3.899
257,PILOT TRAVEL CENTER #917- TOWN PUMP,I-15 & 31ST STREET EXIT 277,Great Falls                             ,MT,815,3.63566666
263,CASEYS #3956,I-94 EXIT 16,Bridgman,MI,465,3.559
267,CORNER MARKET #117,SR-154 & SR-129,Dodge City,KS,357,3.399
269,PILOT TRAVEL CENTERS #24,"I-75, EXIT 15",Monroe                                  ,MI,325,3.299
269,PILOT TRAVEL CENTERS #24,"I-75, EXIT 15",Monroe                                  ,MI,325,3.249
269,PILOT TRAVEL CENTERS #24,"I-75, EXIT 15",Monroe                                  ,MI,325,3.439
269,PILOT TRAVEL CENTERS #24,"I-75, EXIT 15",Monroe                                  ,MI,325,3.349
269,PILOT TRAVEL CENTERS #24,"I-75, EXIT 15",Monroe                                  ,MI,325,3.559
278,CARLISLE PLAZA,US-41,Carlisle,IN,510,3.499
281,CIRCLE K #4700065,"I-65, EXIT 76 & US-31",Taylorsville,IN,375,3.399
289,LOVES TRAVEL STOP #173,"I-70, MM 209",Lawrence,KS,553,3.229
292,PETES #56,US-169 & CR-5000,Cherryvale,KS,307,3.23233333
293,LOVES TRAVEL STOP #176,"I-35, MILE MARKER 97",Matfield Green,KS,336,3.25566666
304,FL Roberts,"I-91, EXIT 4",Springfield,MA,100,3.599
309,QUIKTRIP #231,"I-635, EXIT 3",Kansas City,KS,400,3.199
323,SAPP BROS TRAVEL CENTER,"I-80, EXIT 126",Ogallala,NE,475,3.46566666
326,FLYING J TRAVEL PLAZA #748,"I-15, EXIT 357",Willard                                 ,UT,835,3.749
341,TA JACKSONVILLE SOUTH TRAVEL CENTER,"I-95, EXIT 329",Saint Johns,FL,75,3.469
347,7-ELEVEN #40514,I-90/80-IN TOLL RD MM 22E,Portage,IN,365,3.99066666
358,TA BINGHAMTON TRAVELCENTER,"I-81N, EXIT 2W & I-81S, EXIT 3",Binghamton,NY,32,3.769
358,TA BINGHAMTON TRAVELCENTER,"I-81N, EXIT 2W & I-81S, EXIT 3",Binghamton,NY,32,3.689
358,TA BINGHAMTON TRAVELCENTER,"I-81N, EXIT 2W & I-81S, EXIT 3",Binghamton,NY,32,3.699
358,TA BINGHAMTON TRAVELCENTER,"I-81N, EXIT 2W & I-81S, EXIT 3",Binghamton,NY,32,3.739
361,CIRCLE K #2726293,"I-295, EXIT 25",Jacksonville,FL,75,3.31566666
368,WILTON TRAVEL PLAZA,"I-87, EXIT 16",Gansevoort                              ,NY,12,3.749
368,WILTON TRAVEL PLAZA,"I-87, EXIT 16",Gansevoort                              ,NY,12,3.799
372,GAS DEPOT,"I-94, EXIT 5",Hammond,IN,365,3.999
381,7-Eleven #41830,US-69 & US-135,Jacksonville,TX,630,2.91566666
387,Circle K #2709664,"I-8, EXIT 12",Yuma,AZ,930,3.489
388,Pilot Travel Centers #14,"I-71, EXIT 131",Sunbury,OH,315,3.719
391,PILOT TRAVEL CENTERS #13,"I-71, EXIT 209",Seville,OH,305,3.699
403,TRUCKOMAT OF HEBRON,"I-70, EXIT 126 & SR-37",Hebron,OH,315,3.429
407,FUEL MART #641,"I-80 & I-280, EXIT 71",Perrysburg                              ,OH,550,3.499
421,PETRO STOPPING CENTER #316,"I-40 & I-35, EXIT 127",Oklahoma City,OK,483,3.30233333
424,E EXPRESS,"I-40, EXIT 166",Choctaw,OK,483,2.899
425,Neighbors Express,"I-16, EXIT 51",Dublin                                  ,GA,85,3.299
442,WESTERN COOP,US-385 & SR-2,Alliance,NE,795,3.324
455,MR FUEL #753,"I-95, EXIT 104 & SR-207",Ruther Glen,VA,180,3.26566666
456,THE COUNTRY OASIS,US-24,Woodburn                                ,IN,370,3.399
458,HAPPY HILLS GAS & COFFEE,I-29 EXIT 110,Rock Port,MO,400,3.399
460,TRUCK STOP 44,I-20 EXIT 44,Gilbert,SC,135,3.079
461,SPINX #271,"I-26, EXIT 145 & US-601",Orangeburg,SC,42,3.26233333
469,LOAF N JUG #750010,US-160 & SR-17,Alamosa,CO,803,3.259
474,KEWANEE 1 STOP,"I-20, EXIT 169 & US-80",Toomsuba,MS,705,3.299
478,GASTRAK OF PEMBINA,"I-29, EXIT 215",Pembina                                 ,ND,355,3.299
483,ALLSUPS #2387,US-54/SR-136/SR-3 & US-64,Guymon,OK,585,2.97566666
486,LA NORIA CONV STORES,"I-35 N, EXIT 4",Laredo                                  ,TX,693,3.299
489,EDDIES CORNER,US-87 & US-191,Moore,MT,815,3.749
491,One9 #403,"I-75, EXIT 117",Heiskell,TN,405,2.999
496,PILOT TRAVEL CENTERS #270,"I-40 & I-75, EXIT 374",Knoxville,TN,405,3.439
509,LOVES TRAVEL STOPS #256,"I-10, EXIT 140B",Van Horn,TX,640,3.649
509,LOVES TRAVEL STOP #256,"I-10, EXIT 140B",Van Horn,TX,640,3.649
522,GO MART FOOD STORE #57,"I-70 & ST-285, EXIT 186",Lore City                               ,OH,430,3.179
523,CIRCLE K #2723322,"I-985, EXIT 20 & SR-60",Gainesville,GA,18,3.26566666
525,FASTBREAK,US-45 ALT,West Point,MS,705,3.059
546,PLAZA 30,US-30,Wanatah,IN,365,3.499
557,SAPP BROS TRAVEL CENTER,"I-80, EXIT 73",Peru,IL,290,3.389
557,SAPP BROS TRAVEL CENTER,"I-80, EXIT 73",Peru,IL,290,3.589
557,SAPP BROS TRAVEL CENTER,"I-80, EXIT 73",Peru,IL,290,3.449
557,SAPP BROS TRAVEL CENTER,"I-80, EXIT 73",Peru,IL,290,3.289
559,SHELL MORGAN ROAD TRUCK STOP,"I-40, EXIT 142",Maumelle,AR,695,3.20733333
566,TA GARY TRAVEL CENTER,"I-80/I-94, EXIT 6",Gary,IN,365,3.83066666
567,TA ELOY TRAVEL CENTER,"I-10 & I-8, EXIT 203",Eloy,AZ,930,3.459
572,PILOT TRAVEL CENTER #881,"I-69, EXIT 309A",Fort Wayne                              ,IN,370,3.899
572,PILOT TRAVEL CENTERS #881,"I-69, EXIT 309A",Fort Wayne                              ,IN,370,3.879
576,PETRO STOPPING CENTER #343,"I-10, EXIT 76",Egan,LA,600,3.624
578,LOVES TRAVEL STOP #449,"I-84, EXIT 17",Troutdale,OR,935,3.779
579,FLYING J TRAVEL PLAZA #764,"I-80, EXIT 104 & US-191",Rock Springs,WY,835,3.67066666
586,AMERISTAR TRAVEL PLAZA #120,"I-82, EXIT 80",Prosser,WA,925,4.399
586,AMERISTAR TRAVEL PLAZA #120,"I-82, EXIT 80",Prosser,WA,925,4.559
588,TA TUSCALOOSA TRAVEL CENTER,"I-20/I-59, EXIT 77",Cottondale,AL,615,2.964
591,TA Concordia Travel Plaza,"I-70, EXIT 58 & SR-23",Concordia,MO,400,3.22566666
599,Sapp Bros Travel Center,"I-80, EXIT 59 & SR-17J",Sidney,NE,475,3.50066666
602,JIFFY MART EXIT 18 TRUCK STOP,"I-89/SR-120, EXIT 18 & SR-120",Lebanon,NH,12,3.599
614,TA MAYBROOK TRAVEL CENTER,"I-84, EXIT 5",Montgomery,NY,120,4.359
628,KWIK FILL #227,"I-90,  EXIT 218",Geneva,OH,305,3.15233333
629,FLYING J #850,TCH-16,Edmonton,AB,80,4.39948962
629,FLYING J #850,TCH-16,Edmonton,AB,80,4.39625375
629,FLYING J #850,TCH-16,Edmonton,AB,80,4.40695023
629,FLYING J #850,TCH-16,Edmonton,AB,80,4.40630048
629,FLYING J #850,TCH-16,Edmonton,AB,80,4.39722401
629,FLYING J #850,TCH-16,Edmonton,AB,80,4.3981947
636,UNION 76,"I-5, EXIT 233 E",Albany,OR,935,3.379
651,ONE9 #1366,"I-40, EXIT 126 & US-641",Holladay,TN,460,2.98566666
652,TA KNOXVILLE EAST TRAVEL CENTER,"I-40 & I-75, EXIT 374",Knoxville,TN,405,3.42566666
659,FLYING J #869,HWY 2 SOUTH,Nanton,AB,50,4.39948962
659,FLYING J #869,HWY 2 SOUTH,Nanton,AB,50,4.59317483
659,FLYING J #869,HWY 2 SOUTH,Nanton,AB,50,4.59114784
659,FLYING J #869,HWY 2 SOUTH,Nanton,AB,50,4.60163996
659,FLYING J #869,HWY 2 SOUTH,Nanton,AB,50,4.59216111
659,FLYING J #869,HWY 2 SOUTH,Nanton,AB,50,4.60231851
669,PETRO STOPPING CENTER #350,"I-10,  EXIT 4",Canutillo,TX,640,3.499
672,CROWN POINT TRUCK STOP,"I-295/US-130,EXIT 22",Thorofare,NJ,150,3.549
680,TA EXPRESS SUMMIT,"I-29, EXIT 207 & US-12",Summit,SD,566,3.20566666
684,7-ELEVEN #35101,"I-86/SR-17, EXIT 16",Randolph,NY,38,4.499
689,FLYING EAGLE,"I-235, EXIT 4",Wichita,KS,570,3.499
692,BP,US-63,Ottumwa,IA,489,3.399
739,Arco #364420,US-23,Greenup,KY,255,3.649
748,QUIKTRIP #4231,US-85,Evans,CO,800,3.17233333
769,AYERCO #26,US-61/US-136,Alexandria,MO,345,3.01566666
815,Kwik Trip #1508,"US-18/SR-151, EXIT 58",Barneveld,WI,420,3.489
855,SPEEDWAY #7459,US-41 & SR-137,North Chicago,IL,293,3.379
855,SPEEDWAY #7459,US-41 & SR-137,North Chicago,IL,293,3.499
855,SPEEDWAY #7459,US-41 & SR-137,North Chicago,IL,293,3.289
863,Ocean Fuel,US-301/SR-73,Sylvania,GA,195,3.499
906,PILOT TRAVEL CENTERS #429,"I-40, EXIT 280",West Memphis,AR,435,3.499
906,PILOT TRAVEL CENTER #429,"I-40, EXIT 280",West Memphis,AR,435,3.291
908,CIRCLE K #2704888,"I-65, EXIT 246 & SR-119",Pelham,AL,615,3.46566666
912,PETRO STOPPING CENTER #319,"I-20/59,  EXIT 100",Mc Calla,AL,615,3.12566666
936,CASEYS #4254,"I-40, EXIT 129",Conway,AR,695,3.03233333
970,CIRCLE K #2702885,"I-17/SR-60, EXIT 199A",Phoenix,AZ,930,3.39233333
977,PILOT TRAVEL CENTER #328,"I-10, EXIT 17",Quartzsite,AZ,930,3.959
977,PILOT TRAVEL CENTERS #328,"I-10, EXIT 17",Quartzsite,AZ,930,3.959
981,STINKER #85,"I-15, EXIT 93",Blackfoot,ID,825,3.53233333
982,CIRCLE K #2701948,"I-8, EXIT 7 & SR-195",Yuma,AZ,900,3.56566666
1028,FOUR STATES TRUCK STOP,"I-495, EXIT 4 & SR-9",New Castle,DE,243,3.449
1028,FOUR STATES TRUCK STOP,"I-495, EXIT 4 & SR-9",New Castle,DE,243,3.399
1042,Union 76,US-441 & SR-100A,Lake City,FL,75,3.56233333
1043,ONE9 #1401,I-75 EXIT 414  & US-41,Lake City,FL,75,3.259
1043,SHELL DBA ONE9 #1401,I-75 EXIT 414  & US-41,Lake City,FL,75,3.244
1047,TA MARIANNA TRAVEL CENTER,"I-10/SR-8, EXIT 142 & SR-71",Marianna,FL,20,3.60733333
1075,PILOT TRAVEL CENTER #68,"I-16 /SR-404, EXIT 51 & US-441",Dublin,GA,85,3.43233333
1075,PILOT TRAVEL CENTERS #68,"I-16 /SR-404, EXIT 51 & US-441",Dublin,GA,85,3.399
1106,CIRCLE K #2705367,"I-20, EXIT 172",Thomson,GA,16,3.399
1112,BC AMPRIDE TRUCK PLAZA,US-59/SR-141,Denison,IA,527,3.399
1115,KWIK STAR #704,SR-57/SR-14,Parkersburg,IA,565,3.58233333
1121,TRAVELERS OASIS,"I-84, EXIT 182",Eden,ID,787,3.799
1128,TA CHICAGO NORTH TRAVEL CENTER,"I-94/US-41, EXIT 1",Wadsworth,IL,444,3.819
1128,TA CHICAGO NORTH TRAVEL CENTER,"I-94/US-41, EXIT 1",Wadsworth,IL,444,3.879
1128,TA CHICAGO NORTH TRAVEL CENTER,"I-94/US-41, EXIT 1",Wadsworth,IL,444,3.779
1128,TA CHICAGO NORTH TRAVEL CENTER,"I-94/US-41, EXIT 1",Wadsworth,IL,444,3.769
1132,SPEEDWAY #7423,"I-57, EXIT 83",Ina,IL,293,3.249
1136,PILOT TRAVEL CENTER #171,"I-74, EXIT 206",Oakwood,IL,280,3.399
1136,PILOT TRAVEL CENTER #171,"I-74, EXIT 206",Oakwood,IL,280,3.499
1136,PILOT TRAVEL CENTER #171,"I-74, EXIT 206",Oakwood,IL,280,3.599
1140,CIRCLE K #4701398,"I-55, EXIT 82 & SR-104",Divernon,IL,280,3.499
1149,PILOT TRAVEL CENTER #30,"I-70, EXIT 96",Greenfield,IN,375,3.959
1149,PILOT TRAVEL CENTERS #30,"I-70, EXIT 96",Greenfield,IN,375,3.959
1151,SPEEDWAY #8061,"I-70, EXIT 115 & SR-109",Knightstown,IN,375,3.759
1154,CIRCLE K #2704691,SR-71 & CR-214,Cedar Creek,TX,595,3.199
1156,CIRCLE K #4700028,"I-74/US-421, EXIT 116 & SR-44",Shelbyville,IN,375,3.599
1157,One9 #297,"I-70, EXIT 11 & SR-46",Terre Haute                             ,IN,510,3.43566666
1158,PILOT TRAVEL CENTERS #36,US-30  & SR-49,Valparaiso,IN,365,3.869
1158,PILOT TRAVEL CENTER #36,US-30  & SR-49,Valparaiso,IN,365,3.859
1163,SHORT STOP #13,US-54,Emporia,KS,553,2.839
1176,PILOT TRAVEL CENTERS #353,"I-75, EXIT 129",Georgetown,KY,410,3.20566666
1179,PILOT TRAVEL CENTERS #399,"I-65, EXIT 105",Lebanon Junction,KY,415,3.609
1196,SOUTHERN BELLE TRUCK STOP,US-61 & SR-964,Saint Francisville,LA,725,3.384
1199,ALLTOWN MARKETS #306,"I-190, EXIT 7",Leominster,MA,178,3.68233333
1202,ONE9 #290,"I-95, EXIT 93 & SR-222",Perryville,MD,22,3.599
1204,PETRO STOPPING CENTER #321,"I-70 & I-57, EXIT 159",Effingham,IL,574,3.549
1204,PETRO STOPPING CENTER #321,"I-70 & I-57, EXIT 159",Effingham,IL,574,3.349
1204,PETRO STOPPING CENTER #321,"I-70 & I-57, EXIT 159",Effingham,IL,574,3.439
1204,PETRO STOPPING CENTER #321,"I-70 & I-57, EXIT 159",Effingham,IL,574,3.399
1208,D AVENUE FUEL PLAZA,US-131,Kalamazoo,MI,465,3.499
1208,D AVENUE FUEL PLAZA,US-131,Kalamazoo,MI,465,3.099
1210,ROADHAWK TRAVEL CENTER,"I-94, EXIT 56 & SR-51",Paw Paw                                 ,MI,465,3.599
1210,ROADHAWK TRAVEL CENTER,"I-94, EXIT 56 & SR-51",Paw Paw                                 ,MI,465,3.559
1217,KWIK TRIP #250,"I-90, EXIT 179",Austin,MN,515,3.374
1218,CASEYS #3658,SR-210,Pillager,MN,522,3.299
1225,AYERCO #35,US-61 & US-61 BUS,Bowling Green,MO,494,3.01566666
1234,Lamar Travel Plaza,US-71 & US-160,Lamar,MO,416,3.199
1236,AYERCO #44,US-36 & US-24,Palmyra,MO,494,3.01566666
1240,TEMP STOP #103,US-65,Sedalia,MO,400,3.199
1247,SNAPPY MART #11,US-63 & SR-14,West Plains,MO,535,3.299
1251,MAPCO #3009,US-72,Corinth,MS,435,3.154
1256,DOUBLE QUICK #89,US-82/US-278,Greenville,MS,655,3.25566666
1265,JOE JOES TRAVEL CENTER,US-78 & RED BANKS RD S,Red Banks,MS,435,2.97233333
1304,LOVES TRAVEL STOP #667,"I-85, EXIT 152",Mebane,NC,65,3.94733333
1315,CIRCLE K #2720218,US-421 BUS & US-15/US-501/US-1,Sanford,NC,177,3.08233333
1325,SCOTCHMAN #3303,US-421 & US-74,Wilmington,NC,245,3.629
1326,SPEEDWAY #7949,US-301/US-264 ALT & CR-1674,Wilson,NC,205,3.199
1333,PUMP & PANTRY #15,US-30,Grand Island,NE,330,3.30733333
1340,BORDENTOWN VALERO,"NJ TNPK, EXIT 7 & US-206",Bordentown,NJ,230,3.499
1342,Delta,"I-80, EXIT 47B",Fairfield,NJ,115,3.20233333
1344,BOLLA TRUCK STOP #193,US-202 & SR-17,Mahwah,NJ,115,3.53233333
1348,GLOBAL,SR-73,Palmyra,NJ,150,3.359
1356,LOVES TRAVEL STOP #257,"I-40 & HORIZON, EXIT 79",Milan,NM,580,3.59066666
1364,7- ELEVEN #40507,"I-80/I-90, MM 56 WB",Rolling Prairie,IN,465,3.98233333
1372,PILOT TRAVEL CENTER #469,"I-77, EXIT 101 & SR-627",Canton,OH,249,3.62233333
1376,FUEL MART #782,"I-75, EXIT 118",Lima                                    ,OH,411,3.08566666
1379,TA LODI TRAVEL CENTER,"I-71, EXIT 209 & I-76/US-224, EXIT 1",Seville,OH,305,3.739
1384,SUNOCO,"I-80/I-90, EXIT 13 & US-20ALT/SR-15",Montpelier,OH,550,3.41566666
1391,ONCUE EXPRESS #2045,"I-35, EXIT 203 & SR-15",Billings,OK,500,3.21566666
1395,DOMINO FOOD AND FUEL #1,"I-40, EXIT 66",Clinton                                 ,OK,483,3.099
1404,ONE9 #339,"I-74, EXIT 4 & SR-63",Covington,IN,375,3.26233333
1414,SAC SHOP #507,"I-70, EXIT 12/161",Breezewood                              ,PA,14,4.099
1424,GETTYSBURG TRAVEL PLAZA,US-15 & SR-394,Gettysburg,PA,70,3.899
1428,CIRCLE K #4702408,"I-65, EXIT 168 & SR-38/SR-25",Lafayette,IN,375,3.43233333
1432,KWIK FILL #259,"I-81, EXIT 57",Mechanicsburg                           ,PA,70,4.049
1444,PILOT TRAVEL CENTERS #346,"I-20, EXIT 92 & US-601",Lugoff,SC,135,3.43233333
1445,PILOT TRAVEL CENTERS #402,"I-80, EXIT 367",Cheyenne,WY,795,3.709
1447,HOT SPOT #3005,US-221,Chesnee,SC,210,3.199
1453,EXPRESS STOP,US-278/SR-101/SR-6 & SR-113,Rockmart,GA,193,3.319
1455,PETRO FLORENCE,"I-95, EXIT 169",Florence,SC,46,3.32566666
1461,CIRCLE K #2705370,"I-26, EXIT 15 & US-176",Inman,SC,210,3.099
1464,CIRCLE K #2723254,"I-20, EXIT 55 & SR-6",Lexington,SC,135,3.199
1470,CIRCLE K #2705348,US-1,Beech Island,SC,135,3.159
1479,TA SPARTANBURG TRAVEL CENTER,"I-85, EXIT 63 & SR-290",Duncan,SC,210,3.43233333
1487,ROADRUNNER MARKET #6019,"I-81, EXIT 36 NORTH",Greeneville                             ,TN,405,3.499
1492,MAPCO #3538,"I-24, EXIT 174",Chattanooga,TN,285,2.899
1507,CIRCLE K #4703941,"I-55, EXIT 5A",Memphis,TN,435,3.189
1516,LOVES TRAVEL STOP #261,I-27 EXIT 116,Amarillo,TX,585,3.23233333
1531,CircleK #4702365,"I-74, EXIT 112 & SR-9",Shelbyville,IN,375,3.509
1533,YESWAY #1157,US-62,Brownfield,TX,700,2.99233333
1546,SHELL,"I-35, EXIT 86 & SR-85",Dilley,TX,740,3.099
1548,TOOT N TOTUM #107,US-287,Dumas,TX,585,3.03233333
1552,STRIPES #40911,US-59 & SR-16,Freer,TX,625,3.099
1555,SEIBERT TRAVEL PLAZA,"I-70, EXIT 405 & SR-59",Seibert,CO,800,3.499
1560,CATTREZ,US-20 & SR-5,Irving,NY,38,2.899
1560,CATTREZ,US-20 & SR-5,Irving,NY,38,2.999
1562,I MART #108,"I-40, EXIT 108",Wildersville                            ,TN,435,3.099
1567,KUM & GO #4110,"I-235, EXIT 11",Des Moines,IA,320,3.02733333
1579,FLYING J TRAVEL PLAZA #924- TOWN PUMP,"I-15, EXIT 122 & I-90 MM220",Butte                                   ,MT,816,3.56566666
1582,LOVES TRAVEL STOP #250,I-40 EXIT 60,Amarillo,TX,585,3.314
1585,Stripes 7Fleet #42498,US-385 & CR-1910,Andrews,TX,710,3.369
1590,ROAD RANGER #240,"I-80 & I-94, EXIT 15-A",Lake Station,IN,365,3.559
1596,FLYING J #305,"I-40, EXIT 39",Jamestown,NM,580,3.44233333
1597,7-ELEVEN #36156,"I-70 & SR-519, EXIT 25/333",Eighty Four,PA,165,4.999
1599,ONVO TRAVEL PLAZA,"I-81, EXIT 10",Mc Graw,NY,220,3.439
1599,ONVO TRAVEL PLAZA,"I-81, EXIT 10",Mc Graw,NY,220,3.459
1602,CIRCLE K #2723387,US-98,Beaumont,MS,620,3.56566666
1606,DONNAS TRAVEL PLAZA,"I-5, EXIT 202",Marysville,WA,962,4.559
1610,TA BALTIMORE TRAVEL CENTER,"I-95, EXIT 57",Baltimore                               ,MD,22,4.759
1618,GO MART FOOD STORE #33,US-33,Ripley                                  ,WV,44,3.499
1621,CIRCLE K #2709337,"I-65, EXIT 262B",Birmingham                              ,AL,615,3.489
1622,RACEWAY #6973,US-380 & SR-114/SR-101,Bridgeport,TX,630,2.78233333
1623,SAPP BROS TRAVEL CENTER,"I-70 & I-270, EXIT 278",Commerce City,CO,800,3.389
1625,PILOT TRAVEL CENTERS #60,"I-26, EXIT 159",Bowman                                  ,SC,42,3.43233333
1632,PILOT TRAVEL CENTERS #266,"I-10, EXIT 139 & SR-292",Las Cruces                              ,NM,640,3.19066666
1633,7-ELEVEN #36302,"I-35, EXIT 144",Von Ormy,TX,740,3.109
1634,PILOT TRAVEL CENTERS #40,"I-94, EXIT 322",Oak Creek,WI,444,3.889
1644,ALLSUPS CONVENIENCE STORE #2414,"I-20, EXIT 235",Roscoe,TX,575,2.929
1646,SPEEDWAY #8310,US-6  & US-31,Plymouth,IN,465,3.609
1647,SPEEDWAY #8305,US-41 & SR-312,Hammond,IN,290,3.76566666
1653,ROAD RANGER #187,"I-55, EXIT 289",Chicago,IL,520,3.569
1653,ROAD RANGER #187,"I-55, EXIT 289",Chicago,IL,520,3.599
1654,CEFCO #3,US-77/US190/SR-36,Cameron,TX,670,2.989
1661,CHEVRON,"I-20, EXIT 101 & SR-151",Calhoun,LA,590,3.159
1669,BETTY BEAVERS TRUCKSTOP,"I-90, EXIT 28",Fultonville,NY,12,3.149
1669,BETTY BEAVERS TRUCKSTOP,"I-90, EXIT 28",Fultonville,NY,12,3.189
1670,Petro Stopping Center #54,"I-44, EXIT 4 & SR-3",Joplin,MO,277,3.449
1671,LOVES TRAVEL STOP #412,"I-95, EXIT 77",Dunn,NC,205,3.699
1672,HANA TRAVEL PLAZA,"I-40,  EXIT 77",Amarillo,TX,585,2.899
1699,ALLENS FOOD MART280,US-280/US-231/SR-53/SR-38 & CR-8/CR-34,Sylacauga,AL,615,3.799
1700,TOPPS FUEL STOPS,US-259/SR-49,Daingerfield,TX,723,3.109
1720,TOOT N TOTUM #120,US-54 & S WESTERN AVE,Liberal,KS,585,3.01566666
1749,HIGHWAY 96 FUEL STOP,US-96 & SR-62/FM-1004,Buna                                    ,TX,610,3.149
1753,PWI #169,"I-35/US-77, EXIT 359 & CR-1304",Abbott,TX,765,2.899
1773,M-46 AUTO TRUCK PLAZA,"US-131, EXIT 120 & SR-46",Howard City,MI,344,3.199
1773,M-46 AUTO TRUCK PLAZA,"US-131, EXIT 120 & SR-46",Howard City,MI,344,3.599
1773,M-46 AUTO TRUCK PLAZA,"US-131, EXIT 120 & SR-46",Howard City,MI,344,3.099
1791,PILOT TRAVEL CENTERS #257,"I-20, EXIT 126 & FM-1788",Midland                                 ,TX,710,3.56566666
1807,LOVES TRAVEL STOP #229,I-40 EXIT 96 & SR-207,Panhandle,TX,585,3.314
1810,KENT KWIK #804,US-83,Perryton,TX,585,2.999
1829,PILOT TRAVEL CENTERS #96,"SR- 60 & FL TURNPIKE, EXIT 193",Okeechobee,FL,143,3.719
1829,PILOT TRAVEL CENTER #96,"SR- 60 & FL TURNPIKE, EXIT 193",Okeechobee,FL,143,3.699
1832,CORNER FUEL CENTER,US-49,Hattiesburg,MS,620,3.299
1834,PUMP N PANTRY #15,"I-20, EXIT 617 & US-59",Marshall,TX,766,2.899
1849,Stripes #42457,US-67/US-277,San Angelo,TX,740,3.244
1855,EXIT 76 AUTO TRUCK PLAZA,US-131,Byron Center,MI,344,3.499
1858,FLYING J TRAVEL PLAZA #737,"I-10, EXIT 583",San Antonio                             ,TX,740,3.224
1859,GO MART FOOD STORE #44,"I-79, EXIT 67 & US-19/SR-4",Sutton,WV,44,3.559
1860,MR FUEL #278,"I-75/71, EXIT 175 & SR-338",Walton,KY,300,3.019
1861,PETRO STOPPING CENTER #315,"I-40, EXIT 66",Kingman,AZ,910,3.899
1866,PRI MART FUEL CENTER,"I-94, EXIT 29",Benton Harbor                           ,MI,465,3.799
1866,PRI MART FUEL CENTER,"I-94, EXIT 29",Benton Harbor                           ,MI,465,3.499
1873,JDS TRUCKSTOP,"US-12 & US-31, EXIT 3",Niles,MI,465,3.749
1873,JDS TRUCKSTOP,"US-12 & US-31, EXIT 3",Niles,MI,465,3.849
1874,CIRCLE K #2744529,US-175,Seagoville,TX,630,2.95066666
1879,HOLIDAY STATIONSTORE #3552,"I-35, EXIT 81 & SR-70",Lakeville,MN,448,3.549
1888,STRIPES 7FLEET #42449,US-87,Sterling City,TX,710,3.28066666
1889,TOOT N TOTUM #105,US-54 & US-287,Stratford,TX,585,2.96566666
1893,MIKE MCDONALD TRUCK STOP,"I-20, EXIT 509",Terrell                                 ,TX,637,2.87066666
1894,CIRCLE K #2741544,"I-37 & SR-72, EXIT 69",Three Rivers,TX,747,3.06566666
1897,YESWAY #1077,"I-20/US-84, EXIT 278",Tye,TX,575,2.87566666
1905,LUCKY TRUCK STOP,US-82,Whitesboro                              ,TX,630,2.88566666
1909,RALLYSTOP #1,"I-15, EXIT 62",Cedar City,UT,791,3.459
1914,LOVES TRAVEL STOP #792,"I-70, EXIT 160",Green River,UT,835,3.709
1921,BELL TRUCK STOP,"I-80, EXIT 146",Park City,UT,835,3.45233333
1923,SCENIC QUIK STOP,"I-70, EXIT 54 & US-89",Salina,UT,835,3.459
1930,CASEYS #3058,"I-35, EXIT 19 & US-160 E",Wellington,KS,570,3.299
1931,RBS ONE STOP,"I-15, EXIT 320",Woods Cross                             ,UT,835,3.459
1934,CIRCLE K #2723710,"I-77, EXIT 24",Austinville,VA,185,3.24066666
1936,QUICK STOP MARKET #36,"I-81, EXIT 10 & US-11",Bristol,VA,185,3.399
1940,7-ELEVEN #40063,"I-81, EXIT 98 & SR-100",Dublin,VA,65,3.199
1944,LOVES TRAVEL STOPS #399,"I-77, EXIT 1 & SR-620",Lambsburg,VA,65,3.589
1944,LOVES TRAVEL STOP #399,"I-77, EXIT 1 & SR-620",Lambsburg,VA,65,3.589
1950,7-ELEVEN #34515,"I-81, EXIT 205",King George,VA,180,3.399
1951,CIRCLE K #2723713,"I-81, EXIT 205",Staunton,VA,185,3.38566666
1953,FAS MART #3555,"I-64, EXIT 136 & US-15",Gordonsville,VA,180,3.699
1954,Joe's Kwik Mart #8409,US-58 & CR-645,Suffolk,VA,130,3.03233333
1956,PILOT TRAVEL CENTER #4642,"I-81, EXIT 291",Toms Brook,VA,60,3.659
1958,SPEEDWAY #4618,"I-81 & I-77, EXIT 77",Wytheville,VA,185,3.41233333
1960,MAPLEWOOD IRVING,"I-89, EXIT 7",Montpelier                              ,VT,170,3.699
1962,SUPER QUIK,"I-64, EXIT 172 & SR-1/SR-7",Grayson,KY,255,3.799
1976,One9 #963,"I-90, EXIT 276",Spokane                                 ,WA,970,3.989
1976,One9 #963,"I-90, EXIT 276",Spokane                                 ,WA,970,3.959
1977,GEE CEES TRUCK STOP,"I-5, EXIT 57",Toledo,WA,977,3.839
1983,KWIK TRIP #427,"US-53, EXIT 110 & SR-40",Bloomer,WI,295,3.41566666
1985,Camp Douglas BP,"I-90 & I-94, EXIT 55",Camp Douglas                            ,WI,420,3.154
2000,RIVER CITY TRAVEL PLAZA,US-41,Marinette,WI,360,3.399
2002,KWIK TRIP #222,US-53/US-2,Superior,WI,334,3.339
2009,KWIK TRIP #139,"I-43, EXIT 120 & CR-V/CR-OK",Sheboygan,WI,444,3.29066666
2020,BFS FOODS #72,"I-68, EXIT 23 & SR-26",Bruceton Mills,WV,165,3.499
2021,GO MART FOOD STORE #59,"I-64, EXIT 15 & US-60",Huntington,WV,255,3.499
2022,GO MART FOOD STORE #86,"I-79, EXIT 40 & SR-16",Ivydale                                 ,WV,44,3.599
2029,HOMAX SERVICE,"I-25, EXIT 188",Mills                                   ,WY,790,3.169
2030,GHOST TOWN FUEL STOP,US-26/US-20,Casper,WY,790,3.429
2034,TA CHEYENNE TRAVEL CENTER,"I-80, EXIT 377 & SR-217/CR-140",Cheyenne,WY,795,3.699
2040,Fast Stop Travel Centers #1133,"I-25, EXIT 126 & US-18/20",Douglas,WY,790,3.499
2041,PINE BLUFFS SINCLAIR,"I-80, EXIT 401 & US-30",Pine Bluffs,WY,795,3.699
2044,One9 #1251,"I-80, EXIT 173",Wamsutter,WY,795,3.499
2074,STRIPES #40522,"I-10, EXIT 550",San Antonio,TX,740,3.059
2076,ALLSUPS CONVENIENCE STORE #2159,US-283 BUS/US-277 BUS & SR-422,Seymour,TX,770,3.299
2078,ALLSUPS CONVENIENCE STORE #2366,US-84 & CR-3300,Slaton                                  ,TX,700,2.969
2084,Main Street Market #112,"I-20, EXIT 73",Wickett,TX,710,2.879
2087,LWS TRUCK STOP,SR-30,Logan,UT,835,3.42566666
2088,FLYING J TRAVEL PLAZA #773,"I-70, EXIT 40",Richfield                               ,UT,835,3.699
2089,FLYING J TRAVEL PLAZA #774,"I-84, EXIT 7",Snowville                               ,UT,835,3.749
2115,KWIK TRIP #838,SR-23/SR-33,Reedsburg,WI,420,3.194
2125,BIG D #44,"I-80, EXIT 311 & SR-130",Laramie,WY,795,3.249
2144,Mountain View Truck Stop,US-15,Thurmont,MD,60,4.099
2152,SPEEDWAY #4709,"I-90, EXIT 102",Fairmont,MN,425,3.299
2167,PILOT TRAVEL CENTERS #134,"I-94, EXIT 171 (CR 75)",Saint Cloud,MN,451,3.28733333
2182,PILOT TRAVEL CENTER #4649,"I-64 & I-81, EXIT 205",Raphine,VA,185,3.659
2192,GO MART FOOD STORE #51,US-19/SR-129,Mount Nebo                              ,WV,44,3.599
2194,A AND A TRUCKSTOP,US-35 & CR-41,Jackson,OH,315,3.799
2196,Certified Oil #400410,I-76 EXIT 43,Ravenna,OH,249,3.31566666
2204,NATURAL BRIDGE SHELL,US-278 & SR-5,Lynn,AL,615,3.68233333
2209,Roadrunner #471,"I-40/US-65, EXIT 142 & SR-365",North Little Rock,AR,695,3.03233333
2219,PILOT TRAVEL CENTER #66,"I-85, EXIT 129",Braselton,GA,16,3.27233333
2219,PILOT TRAVEL CENTERS #66,"I-85, EXIT 129",Braselton,GA,16,3.27233333
2223,PO JOS GAS N GO,"I-16 SR-404, EXIT 116 & US-301/SR-73",Register,GA,195,3.23233333
2227,SPEEDWAY #7448,SR-59,Naperville,IL,293,3.299
2227,SPEEDWAY #7448,SR-59,Naperville,IL,293,3.359
2231,QUIKTRIP #605,"I-270, EXIT 33",Saint Louis,MO,540,2.899
2255,S&G #36,"I-280, EXIT 2 & SR-795",Millbury,OH,550,3.49233333
2267,Circle K #4703917,"I-65, EXIT 112 & SR-25",Cross Plains,TN,460,2.949
2283,CIRCLE K #2707321,SR-60,Bartow,FL,225,3.52233333
2287,SAC SHOP #511,"I-76/I-70, EXIT 146 & I-99/US-220 EXIT 1",Bedford,PA,14,4.099
2306,SCOTCHMAN #3894,"I-77, EXIT 73 & SR-901",Rock Hill,SC,210,3.079
2310,MAPCO #3686,"I-24, EXIT 175",Chattanooga,TN,285,2.889
2311,SHELL,"I-24 & EPPS MILL RD, EXIT 89",Christiana                              ,TN,460,3.13233333
2331,PINNERS POINT,SR-135,Portsmouth,VA,130,3.499
2336,FLYING J TRAVEL PLAZA #754,"I-77 & I-81, EXIT 77",Wytheville,VA,185,3.549
2340,RSTORE #4478,SR-8 & SR-13,Prentice,WI,395,3.039
2557,PWI #106,"I-30, EXIT 77B",Royse City,TX,630,2.899
2602,PILOT TRAVEL CENTERS #9,"I-75, EXIT 36",Franklin,OH,407,3.35233333
2623,TA JANESVILLE TRAVEL CENTER,"I-90/I-39, EXIT 171B & US-14",Janesville,WI,420,3.299
2626,WEST END SINCLAIR,"I-80, EXIT 211",Rawlins,WY,838,3.319
2629,PILOT TRAVEL CENTERS #253,"I-295 & NJ TRNPK,  EXIT 2B",Penns Grove,NJ,243,3.989
2635,FLYING J #584,"I-5, EXIT 278",Aurora,OR,935,3.859
2638,PIT STOP TRAVEL CENTER,US-789,Riverton                                ,WY,790,4.399
2640,LITTLE NASHVILLE,"I-64, EXIT 50 & SR-127",Nashville,IL,540,3.399
2640,LITTLE NASHVILLE,"I-64, EXIT 50 & SR-127",Nashville,IL,540,3.299
2644,FREDERICKS TRAVEL CENTER,"I-25/US-87, EXIT 235 & SR-52",Erie,CO,800,3.499
2756,PAR MAR FOOD STORE #89,"I-77/SR-2, EXIT 170 & SR-14 E",Mineral Wells,WV,430,3.499
2761,PONY EXPRESS SERVICE CENTER,US-36 & SR-148,Hanover,KS,316,2.95566666
2764,LOVES TRAVEL STOP #046,US-64/54 & SR-94,Hooker,OK,585,3.56233333
2765,LOVES TRAVEL STOP #023,US-50 & US-287,Lamar,CO,525,3.46233333
2772,PILOT TRAVEL CENTERS #29,"I- 80, EXIT 144; I-69, EXIT 357",Fremont                                 ,IN,465,3.899
2772,PILOT TRAVEL CENTER #29,"I- 80, EXIT 144; I-69, EXIT 357",Fremont                                 ,IN,465,3.899
2779,Stinker #121,I-84 & EXIT 208,Heyburn,ID,787,3.56066666
2788,JIFFY MART #451,"I-91, EXIT 17 & SR-302",Wells River,VT,39,3.569
2805,Fast Stop Travel Centers #1145,"I-15,  EXIT 31",Downey,ID,825,3.799
2807,SUDDEN SERVICE #25,"I-24, EXIT 11",Clarksville,TN,460,3.30733333
2811,KWIK FILL #22,"I-90, EXIT 40 & SR-34/SR-31",Weedsport,NY,220,3.899
2817,Chevron #382354,"I-5/US-12, EXIT 72",Chehalis,WA,977,4.299
2848,TA TONOPAH TRAVEL CENTER,"I-10, EXIT 103",Tonopah,AZ,930,3.939
2851,SPEEDWAY #2958,"I-8, EXIT 12",Yuma,AZ,900,3.479
2862,TA TALLULAH TRAVEL CENTER,"I-20, EXIT 171 & US-65",Tallulah,LA,760,3.209
2864,KUM & GO #0493,I-49 BUS/SR-59,Neosho,MO,535,3.059
2875,CIRCLE K #2744138,"I-25, EXIT 101 & US-50/SR-47",Pueblo,CO,803,3.399
2883,PILOT TRAVEL CENTER #293,"I-75, EXIT 341 & CR-484",Ocala                                   ,FL,140,3.41233333
2883,PILOT TRAVEL CENTERS #293,"I-75, EXIT 341 & CR-484",Ocala                                   ,FL,140,3.359
2885,SP Truckstop & Travel Center,US-84/SR-38,Bainbridge,GA,20,3.599
2889,MOULTON COWBOYS,SR-157,Moulton                                 ,AL,615,3.099
2891,PETRO STOPPING CENTER #338,"I-80, EXIT 21",Sparks,NV,966,3.949
2895,EAGLE TRUCK STOP,I-77 EXIT 81,New Philadelphia,OH,249,3.31566666
2896,NORTH LEWISTON DYNAMART,US-12 & SR 128,Lewiston,ID,970,3.669
2897,GAS N GO #15,"I-80, EXIT 41",Lyman,WY,827,3.46566666
2910,FLYING J TRAVEL PLAZA #685,"I-29 & I- 94, EXIT 349",Fargo                                   ,ND,341,3.569
2913,ONE9#226,"I-40, EXIT 417 & SR-92",Dandridge,TN,405,3.259
2915,TP TRUCK STOP,"I-15, EXIT 80",Fort Hall                               ,ID,825,3.519
2917,GOLDYS TRUCK PLAZA,US-29,Rustburg,VA,185,3.519
2922,LOVES TRAVEL STOP #210,"I-40, EXIT 158",Albuquerque,NM,580,3.52066666
2923,LOVES TRAVEL STOP #435,"I-95, EXIT 104 & SR-207",Ruther Glen,VA,180,3.611
2923,LOVES TRAVEL STOPS #435,"I-95, EXIT 104 & SR-207",Ruther Glen,VA,180,3.589
2924,HWY 190 FUEL STOP,US-190,Jasper                                  ,TX,610,3.13233333
2926,EXIT 77 TRAVEL PLAZA,"I-81, EXIT 77 & SR-39",Harrisburg,PA,70,3.499
2929,TA EXPRESS STEELE,"I-94, EXIT 200 & SR- 3",Steele,ND,390,3.599
2935,CIRCLE K #2726163,"I-295, EXIT 22",Jacksonville,FL,75,3.299
2937,FLYING J TRAVEL PLAZA #664,"I-75, EXIT 171",Walton,KY,300,3.08566666
2956,PILOT TRAVEL CENTERS #275,"I-85, EXIT 39 I-77, EXIT 13",Charlotte,NC,46,3.55233333
2963,SUPERPUMPER #26,"I-94, EXIT 258 & US-281",Jamestown,ND,390,3.629
2967,PETRO STOPPING CENTER #317,"I-57, EXIT 71",Perrysburg,OH,550,3.78566666
2968,E-Z MART #4460,"I-20,  EXIT 124",Monroe,LA,719,3.129
2977,DISCOUNT FUEL,"I-90, EXIT 150 & SR-73",Kadoka,SD,506,3.229
2982,CIRCLE K #2723726,"I-59/I-20, EXIT 52 & US-11/US-43/SR-7",Knoxville,AL,705,3.089
3003,CHEVRON,"I-20, EXIT 186",Delta                                   ,LA,760,2.994
3008,BUSY BEE,"I-10, EXIT 283 & US-129",Live Oak,FL,10,3.779
3022,TA GREENCASTLE TRAVEL CENTER,"I-81, EXIT 5",Greencastle,PA,70,3.959
3030,Mr Ts Riverside,US-412,Cardwell                                ,MO,435,3.199
3064,PORTS TO PLAINS TRAVEL PLAZA,US-50 & US-287,Lamar,CO,800,3.399
3086,SPEEDWAY #4638,US-29,Madison Heights,VA,185,3.49566666
3093,RSTORE #4488,US-51,Merrill,WI,395,3.24066666
3096,HOBO PANTRY #6,US-431/SR-210,Dothan,AL,20,3.959
3118,MOBIL,"I-87, EXIT 42 & US-11",Champlain,NY,39,3.799
3128,TA ATLANTA SOUTH TRAVEL CENTER,"I-75, EXIT 201 & SR-36",Jackson,GA,18,3.334
3138,TA EXPRESS #6264,"I-70, EXIT 26 & US-50",Grand Junction,CO,800,4.049
3139,CHEROKEE TRAVEL MART,"I-40,  EXIT 108",Calumet                                 ,OK,483,3.10566666
3148,YESWAY #1038,US-60 & SR-86,Neosho,MO,307,3.059
3155,QUIK MART #18,US-72/SR-157,Tuscumbia                               ,AL,615,3.00733333
3163,QUIKTRIP #71,"I-44, EXIT 238",Tulsa,OK,560,3.039
3164,QUIKTRIP #102,"I-44, EXIT 222A",Tulsa,OK,560,3.039
3165,LOVES TRAVEL STOP #213,"I-35, EXIT 211",Tonkawa,OK,500,3.584
3167,JASPER FOOD MART,US-78,Jasper,AL,615,3.229
3171,One9 #265,"I-40, EXIT 287 & SR-136",Cookeville,TN,405,3.084
3176,BP,US-6 & SR-15,New Paris                               ,IN,365,3.65733333
3178,ERNIES FUEL STOP #1605,SR-167,Kent,WA,977,4.599
3179,MR FUEL #1020,"I-80 & I-94, EXIT 15B",Lake Station,IN,365,3.56566666
3191,BUSY CORNER TRUCK STOP AND MARKET,"I-24, EXIT 105 & US-41/SR-2",Manchester,TN,460,3.049
3205,CROSSROADS TRUCK STOP STATION,"I-29 & SR 34, MM 109",Colman                                  ,SD,530,3.159
3206,PERHAM OASIS,US-10 & SR-78,Perham,MN,250,3.499
3215,SHELL TRUCKSTOP,"I-4, EXIT 44",Polk City,FL,225,3.449
3216,MAXS #124,"I-24, EXIT 86 & US-41",Oak Grove,KY,460,3.04233333
3221,Pilot #1440,"US-67, EXIT 55 & US-64/US-167 & SR-367",Bald Knob,AR,695,3.399
3221,Southern Travel Plaza,"US-67, EXIT 55 & US-64/US-167 & SR-367",Bald Knob,AR,695,3.391
3222,POMPANO TRUCK STOP,"I-95, EXIT 36B",Pompano Beach,FL,95,3.759
3226,ONE9 #245,"I-81, EXIT 77 & SR-39",Harrisburg,PA,70,3.609
3227,ONE9 MR FUEL #64,"I-26 & US-17, EXIT 199",Summerville,SC,42,3.219
3227,MR FUEL DBA ONE9 #64,"I-26 & US-17, EXIT 199",Summerville,SC,42,3.219
3230,STRIPES #40815,US-281 & US-285,Falfurrias,TX,625,3.299
3264,TA WEST MEMPHIS TRAVEL CENTER,"I-40/US-63, EXIT 260 & SR-149",Earle,AR,435,3.36733333
3280,OUTPOST TRUCK STOP,US-85 & US-18/US-20,Lusk,WY,790,3.689
3281,AMERICAN TRUCK PLAZA,I-80 EXIT 215 & SR-254,Milton,PA,138,3.799
3284,CASEYS #4390,"I-49/US-71, EXIT 77 & US-160",Lamar,MO,416,3.199
3297,SAPP BROS TRAVEL CENTER,"I-80, EXIT 370",Cheyenne,WY,795,3.70066666
3316,TRUCKOMAT OF N LITTLE ROCK,"I-40, EXIT 161 & SR-391",North Little Rock                       ,AR,695,3.249
3326,MIRABITO #61,"I-81, EXIT 32",Central Square,NY,12,4.299
3330,TA # 211 GREENLAND TRAVEL CENTER,"I-95, EXIT 3A & US-101",Greenland,NH,34,3.759
3349,QUEEN CITY TRUCK STOP,"I-20 & I-59, EXIT150",Meridian,MS,705,2.939
3383,E-Express at Central Truck Stop,"I-35, EXIT 137",Oklahoma City,OK,483,2.879
3386,LONGMONT TRUCK STOP,"I-25/US-87, EXIT 240 & SR-119",Longmont,CO,800,3.239
3401,POPS Mart #333,"I-77, EXIT 48 & SR-200",Winnsboro,SC,46,3.09066666
3413,COUNTRY GIRL TRUCK STOP,US-167 & SR-156,Winnfield,LA,590,3.319
3415,JAYS EL CHEAPO FUEL STOP,"I-16, EXIT 104",Metter                                  ,GA,195,3.249
3418,Par Mar Store #164,"I-79, EXIT 105 & CR-7",Jane Lew,WV,165,3.999
3421,ERNIES TRUCK STOP,"I-5, EXIT 142",Federal Way,WA,977,4.599
3422,PWI #167,"I-10, EXIT 601",Seguin,TX,740,2.889
3427,JOHNNYS MARKET,"I-69, EXIT 357",Fremont,IN,465,3.699
3432,PILOT TRAVEL CENTER #34,"I-65, EXIT 201 & US-231",Remington,IN,365,3.709
3432,PILOT TRAVEL CENTERS #34,"I-65, EXIT 201 & US-231",Remington,IN,365,3.659
3435,PWI #168,"I-35, EXIT 266 & SR-195",Georgetown,TX,740,2.799
3444,Acme Truck Stop,US-441/SR-500,Orlando,FL,140,3.449
3460,CHROME TRUCK STOP,US-18 & US-169,Algona,IA,433,3.499
3464,BOISE PETROLEUM LLC,"I-84,  EXIT 71",Boise,ID,785,3.379
3471,MR FUEL DBA ONE9 #72,"I-16, EXIT 160",Savannah,GA,195,3.13233333
3471,ONE9 MR FUEL #72,"I-16, EXIT 160",Savannah,GA,195,3.119
3475,PILOT TRAVEL CENTERS #56,"I-85, EXIT 63",Kannapolis,NC,46,3.499
3477,CIRCLE K #4707404,"I-91, EXIT 7",Springfield,VT,170,3.699
3479,FAST MARKET #4550,"I-75/SR-401, EXIT 136 & US-341",Perry,GA,85,3.099
3493,CIRCLE K #2723675,"I-75, EXIT 290 & SR-20",Cartersville,GA,18,3.08566666
3519,PILOT TRAVEL CENTERS #431,"I-10, EXIT 873",Orange,TX,610,3.309
3522,SUNMART #308,US-59,Livingston                              ,TX,610,2.859
3526,JOE STOP 99,"I-75, EXIT 99 & SR-119",Anna,OH,411,3.064
3530,SPARKYS ONE STOP #22,"I-35, EXIT 111B & US-30",Jefferson,IA,320,3.23233333
3536,PETRO STOPPING CENTER #307,I-40 EAST & S LAKESIDE Dr,Amarillo,TX,585,3.279
3539,Bigs 211,"I-10, EXIT 620 & SR-123",Seguin,TX,740,3.099
3545,STOCKMENS TRUCK PLAZA,"I-494, EXIT 64A",South Saint Paul,MN,450,3.499
3580,STINKER I 80 TRAVEL PLAZA,"I-80, EXIT 221 & SR-76",Sinclair,WY,838,3.759
3585,CHEVRON,"I-80, EXIT 129",Lovelock,NV,966,3.499
3588,BINGO TRUCK STOP,"I-10, EXIT 829 & SR-124",Winnie                                  ,TX,610,2.999
3592,TA BRIDGER TRAVEL CENTER #188,"I-80, EXIT 30 & CR-202",Fort Bridger,WY,835,3.71566666
3593,TA Parowan Travel Center,"I-15, EXIT 78",Parowan,UT,910,3.70566666
3605,SPEEDYS #6,"I-35, EXIT 33",Saint Joseph,MO,400,3.169
3608,FUEL MART #787,"I-57, EXIT 212 & US-36",Tuscola,IL,280,3.199
3614,PILOT TRAVEL CENTERS #35,"I-80/90, EXIT 72 & US-31",South Bend                              ,IN,465,3.799
3614,PILOT TRAVEL CENTER #35,"I-80/90, EXIT 72 & US-31",South Bend                              ,IN,465,3.799
3616,PILOT TRAVEL CENTERS #15,"I-75, EXIT 210",Toledo,OH,550,3.77233333
3619,ROAD RANGER #141,"I-70, EXIT 23",Brazil,IN,375,3.659
3620,One9 #16,"I-71 & US-68, EXIT 50",Wilmington                              ,OH,315,3.14233333
3645,SNOW SHOE TRAVEL PLAZA,"I-80, EXIT 147 & SR-144",Snow Shoe,PA,14,3.469
3678,TIMES MARKET #299,US-281 BUS,Alice,TX,625,3.099
3688,SPEEDWAY #2314,"I-94, EXIT 243 & SR-29",New Baltimore,MI,342,3.559
3688,SPEEDWAY #2314,"I-94, EXIT 243 & SR-29",New Baltimore,MI,342,3.579
3692,CHARLOTTE TRAVEL PLAZA,"I-77,  EXIT 16B",Charlotte,NC,46,3.53233333
3699,WARREN TRAVEL PLAZA,"I-69, EXIT 278 & SR-5",Warren,IN,375,3.399
3702,BEARS DEN TRADING POST #101,ST 37 11 MI E OF MASSENA,Hogansburg                              ,NY,39,3.649
3707,SPEEDWAY #4704,"I-90, EXIT 154",Albert Lea,MN,425,3.299
3718,SPEEDWAY #4706,"I-90, EXIT 265",Chamberlain,SD,455,3.299
3719,KEYSTONE TRUCK STOP,US-22 & SR-164,Loretto,PA,14,3.999
3725,GENEVA TRUCK STOP,"I-79, EXIT 35/141",Cochranton                              ,PA,240,3.81566666
3728,PLAZA 23 TRUCK STOP,"I-787, EXIT 2",Albany,NY,12,3.799
3737,JORDAN'S KWIK STOP #70,US-49,West Helena                             ,AR,435,3.399
3745,PILOT TRAVEL CENTER #906-TOWN PUMP,"I-90, EXIT 408 & SR-78",Columbus,MT,780,3.58066666
3759,EXXON,US-67 & SR-18,Newport,AR,695,4.13233333
3767,SIMMONS TRAVEL CENTER,"I-95, EXIT 8 & US-301",Emporia,VA,180,3.099
3772,Brake Time Corner Market,"I-25, EXIT 240",Burlington                              ,CO,800,3.499
3774,SINCLAIR,"I-70, EXIT 438",Burlington                              ,CO,796,3.889
3781,REATTA TRAVEL STOP,"I-76, EXIT 149 & SR-55/CR-81",Crook,CO,475,3.38233333
3783,CIRCLE K #2744095,"I-25, EXIT 215",Denver,CO,800,3.299
3794,SPEEDWAY #4701,"I-90, EXIT 73",Jackson,MN,425,3.299
3817,FAST MARKET,"I-25, EXIT 158",Colorado Springs,CO,803,3.159
3843,ONCUE EXPRESS #61,"I-35, EXIT 185 & US-77",Perry,OK,500,3.21566666
3868,SHORE STOP #279,US-13,Greenwood,DE,194,3.239
3868,SHORE STOP #279,US-13,Greenwood,DE,194,3.259
3888,Fics Plaza,"I-90, EXIT 184",Deer Lodge                              ,MT,816,3.519
3889,CIRCLE K #2701686,"I-75, EXIT 220",Bradenton,FL,225,3.439
3907,SUNOCO,US-46 & SR-93,Palisades Park,NJ,105,3.279
3908,SEMINOLE TRUCK STOP,"I-75, EXIT 354",Fort Lauderdale,FL,95,3.699
3927,MICCOSUKEE SERVICE PLAZA,"I-75, EXIT 49 & SR-84",Fort Lauderdale                         ,FL,95,3.66566666
3936,Uncle Petes Truck  Stop,"I-40, EXIT 239 & US-70/SR-26",Lebanon,TN,460,2.989
3946,Fast Lane,US-24 & US-63,Moberly,MO,310,3.469
3949,SUNSTOP #337,"I-10/SR-8, EXIT 303 & US-441",Lake City,FL,75,3.699
3956,CIRCLE K #2707451,US-27/SR-25 & SR-70,Lake Placid,FL,225,3.399
3964,SPEEDWAY #6604,"I-94, EXIT 66",Mattawan,MI,465,3.489
3964,SPEEDWAY #6604,"I-94, EXIT 66",Mattawan,MI,465,3.499
3970,EXXON - Pilot #1293,"I-30, EXIT 61",Garland,TX,630,2.84233333
3973,LOVES TRAVEL STOP #205,"I-35 & I-44, EXIT 137",Oklahoma City,OK,483,3.319
3974,LOVES TRAVEL STOP #201,I-40 EXIT 41,Elk City,OK,483,3.12566666
3975,SUNSTOP #334,"I-10, EXIT 335 & SR-121",Macclenny,FL,75,3.459
3979,PETRO GARY 369,"I-80 & I-94, EXIT 9",Gary,IN,365,3.83066666
4006,MISSILE MART #1,US-167 & SR-7,El Dorado,AR,635,3.499
4008,BALDWIN TRAVEL PLAZA,"I-94, EXIT 19 & US HWY 63",Baldwin                                 ,WI,295,3.503
4025,BP,"I-85, EXIT 21  & US-178",Anderson,SC,30,2.909
4035,PILOT TRAVEL CENTER #430,"I-40,  EXIT 84",Russellville,AR,695,3.375
4035,PILOT TRAVEL CENTERS #430,"I-40,  EXIT 84",Russellville,AR,695,3.399
4062,DUDLEYS TRUCK STOP RESTAURANT,US-220,Rocky Mount,VA,185,3.299
4063,STUCKEY'S,"I-59, EXIT 67 & US-49",Hattiesburg,MS,620,2.999
4080,SHELL DBA PILOT DEALER #874,US-41,Miami,FL,176,3.699
4080,PILOT TRAVEL CENTERS #874,US-41,Miami,FL,176,3.699
4101,E-Z MART #4411,HIGHWAY 69 & COBBLESTONE DR,Pryor,OK,560,3.099
4113,ASAP GENERAL STORE #330,US-412/SR-15,Enid,OK,500,3.08233333
4115,QUIKTRIP #707,"I-85 , EXIT 96",Atlanta,GA,18,3.34066666
4119,JET FOOD STORE #82,US-441 & CR-13,Douglas,GA,10,3.44066666
4156,PETRO STOPPING CENTER #305,"I-10, EXIT 582",San Antonio,TX,740,3.20733333
4161,EL CHEAPO,I-95 & EXIT 76,Midway                                  ,GA,195,3.52566666
4164,CIRCLE K #2723897,"I-75, EXIT 138",Thomasville,GA,20,3.23566666
4169,TA KINGMAN TRAVEL CENTER,"I-40, EXIT 48 & US-93",Kingman,AZ,910,3.899
4171,PETRO SERVE USA #11,US-2 & US-71,Bemidji,MN,355,3.499
4172,FLYING J TRAVEL PLAZA #639,"I-90, EXIT 2",Post Falls,ID,970,3.76233333
4179,CIRCLE K #2705352,"I-95/SR-405, EXIT 109 & SR-30/SR-21",Port Wentworth                          ,GA,195,3.099
4187,FLYING J TRAVEL PLAZA #632,"I-75, EXIT 320",Resaca,GA,285,3.29566666
4193,TIGER MART #63,"I-20, EXIT 454",Grand Prairie,TX,630,3.599
4199,PWI #574,"I-70, EXIT 193/US-40",Bunker Hill,KS,357,2.959
4204,PILOT TRAVEL CENTERS #415,"I-59, EXIT 4",Rising Fawn,GA,285,3.859
4204,PILOT TRAVEL CENTER #415,"I-59, EXIT 4",Rising Fawn,GA,285,3.819
4211,FLYING J #513,"I-15, EXIT 1",Jean,NV,910,3.73233333
4220,KENNETT TRUCK STOP,"I-275, EXIT 16",Lawrenceburg                            ,IN,300,3.424
4222,Circle K #4703906,"I-24, EXIT 24 & SR-49",Pleasant View,TN,460,2.899
4223,TA PEMBROKE TRAVEL CENTER,"I-90, EXIT 48A",Corfu,NY,38,3.939
4223,TA PEMBROKE TRAVEL CENTER,"I-90, EXIT 48A",Corfu,NY,38,3.889
4223,TA PEMBROKE TRAVEL CENTER,"I-90, EXIT 48A",Corfu,NY,38,3.829
4223,TA PEMBROKE TRAVEL CENTER,"I-90, EXIT 48A",Corfu,NY,38,3.839
4227,LOVES TRAVEL STOP #203,"I-40, EXIT 140",Oklahoma City,OK,483,3.35566666
4233,QUIKTRIP #7220,"I-20, EXIT 8",Shreveport,LA,745,2.89233333
4239,SPEEDWAY #8256,"I-64, EXIT 94 & SR-1958 & US-60",Winchester,KY,410,2.92233333
4241,EXXON,"I-285, EXIT 53",Conley,GA,18,3.999
4267,CONOCO,US-30 & SR-41,Gap,PA,160,3.799
4292,KUM & GO #0032,"I-80/US-6, EXIT 155 & SR-117",Colfax,IA,320,3.08233333
4301,TIGER DISCOUNT TRUCKSTOP,"I-94, EXIT 64 & I-94 BUS",Dickinson,ND,807,3.51566666
4311,Saveway Truck Plaza,"I-65, EXIT 164 & US-31",Hope Hull,AL,720,3.139
4331,KWIK STOP C STORES,US-61/US-151,Dubuque,IA,335,3.559
4332,PILOT TRAVEL CENTER #468,"I-57, EXIT 283 & US-24",Gilman,IL,280,3.399
4332,PILOT TRAVEL CENTER #468,"I-57, EXIT 283 & US-24",Gilman,IL,280,3.559
4332,PILOT TRAVEL CENTER #468,"I-57, EXIT 283 & US-24",Gilman,IL,280,3.439
4332,PILOT TRAVEL CENTERS #468,"I-57, EXIT 283 & US-24",Gilman,IL,280,3.459
4335,HIGHWAY 20  AUTO TRUCK PLAZA,US-20,Peosta,IA,335,3.489
4339,ROAD RANGER #273,I-69E/US-77 & SR-107,Combes,TX,639,3.049
4349,ROAD RANGER #144,"I-380, EXIT 68US-20, EXIT 68",Evansdale,IA,565,3.729
4363,EL CHEAPO #4,"I-95, EXIT 87",Richmond Hill,GA,195,3.09566666
4368,HOODS SERVICE CENTER,"I-44, EXIT 61",Bois D Arc,MO,535,3.074
4372,GRADYS TRUCKSTOP,"I-16, EXIT 111",Pulaski                                 ,GA,195,3.46566666
4373,KUM & GO #0043,"I-35, EXIT 43 & SR-207/CRG76",New Virginia,IA,320,3.114
4389,TAYLOR QUIK-PIK,"I-29, EXIT 75 & US-30",Missouri Valley,IA,486,3.399
4395,BREAK TIME #3147,"I-55, EXIT 67 & US-62",Sikeston,MO,275,3.499
4417,TA MORIARITY TRAVEL CENTER,"I-40, EXIT 194",Moriarty,NM,580,3.21733333
4419,CASEYS #3081,"I-35, EXIT 92 & US-136",Bethany,MO,400,3.06066666
4427,CASEYS #2654,"I-80/US-6, EXIT 93 & CR-P28",Stuart,IA,320,3.099
4431,CASEYS #2653,"US-63 & US-30, EXIT 202",Toledo,IA,320,3.349
4437,UNDERWOOD TRUCK STOP I 80,"I-80, EXIT 17",Underwood                               ,IA,319,3.00066666
4441,PILOT TRAVEL CENTERS #51,"I-81 BAILEYTON RD, EXIT 36",Greeneville,TN,405,3.56233333
4442,Minuteman Food Mart #58,US-74/US-76,Delco,NC,245,3.50733333
4445,TA Rogers,"I-94/US-52, EXIT 207 & SR-101",Rogers,MN,448,3.274
4446,LOVES TRAVEL STOP #200,I-40 EXIT 74,Amarillo,TX,585,3.209
4451,PRAIRIE JUNCTION TRUCK STOP,"I-29, EXIT 109 & SR-34",Colman,SD,530,3.099
4452,CASEYS #2867,US-63 & US-20,Waterloo,IA,380,3.499
4458,KUM & GO #1443,"I-80, EXIT 216",Williamsburg,IA,380,3.13066666
4460,EXIT 62 TRUCKSTOP,"I-71, EXIT 62 & US-127",Glencoe,KY,415,3.16566666
4463,QUIKTRIP #7901,"I-20, EXIT 556 & US-69",Lindale,TX,710,2.80733333
4482,FLYING J TRAVEL PLAZA #777,"I-84, EXIT 54(FEDERAL WAY)",Boise,ID,785,3.809
4482,FLYING J FUEL STOP #777,"I-84, EXIT 54(FEDERAL WAY)",Boise,ID,785,3.76566666
4492,3 MILE CORNER TRUCK STOP,US-2 & US-95,Bonners Ferry,ID,970,3.734
4525,STINKER #42,US-12/US-95 & SR-128,Lewiston,ID,970,3.69733333
4528,WENATCHEE VALLEY TRUCK STOP,US-97 ALT,Wenatchee,WA,920,4.199
4528,WENATCHEE VALLEY TRUCK STOP,US-97 ALT,Wenatchee,WA,920,4.119
4528,WENATCHEE VALLEY TRUCK STOP,US-97 ALT,Wenatchee,WA,920,4.089
4533,SPEEDWAY #1449,"I-65, EXIT 262B",Birmingham                              ,AL,615,2.97566666
4544,BIG CHARLIES TRUCK PLAZA,"I-64, EXIT 282 & US-13",Virginia Beach,VA,130,3.489
4555,PILOT TRAVEL CENTERS #406,"I-65, EXIT 22 & US-31A/SR-11",Cornersville,TN,460,3.799
4560,FAST STOP TRAVEL CENTERS #1109,"I-15, EXIT 392",Plymouth,UT,835,3.58233333
4563,PILOT TRAVEL CENTERS #299,"I-55/I-74/US-51, EXIT 160 & US-150/SR-9",Bloomington                             ,IL,280,3.599
4563,PILOT TRAVEL CENTERS #299,"I-55/I-74/US-51, EXIT 160 & US-150/SR-9",Bloomington                             ,IL,280,3.399
4563,PILOT TRAVEL CENTER #299,"I-55/I-74/US-51, EXIT 160 & US-150/SR-9",Bloomington                             ,IL,280,3.399
4563,PILOT TRAVEL CENTERS #299,"I-55/I-74/US-51, EXIT 160 & US-150/SR-9",Bloomington                             ,IL,280,3.499
4563,PILOT TRAVEL CENTER #299,"I-55/I-74/US-51, EXIT 160 & US-150/SR-9",Bloomington                             ,IL,280,3.499
4563,PILOT TRAVEL CENTER #299,"I-55/I-74/US-51, EXIT 160 & US-150/SR-9",Bloomington                             ,IL,280,3.599
4568,ONVO TRAVEL PLAZA,"I-90, EXIT 28",Fultonville,NY,12,3.199
4568,ONVO TRAVEL PLAZA,"I-90, EXIT 28",Fultonville,NY,12,3.159
4569,METROPOLIS TRUCK STOP,"I-24, EXIT 37 & US-45",Metropolis,IL,490,3.599
4574,Circle K #4701432,"I-74, EXIT 174",Mahomet,IL,280,3.669
4582,BIG CHIEF TRUCK STOP,"I-94/US-52, EXIT 61 & US-59/CR-82",Fergus Falls,MN,250,3.23566666
4605,PILOT DEALER #898 SADLERS TRUCK STOP,"I-95, EXIT 11B & US-58",Emporia,VA,180,3.799
4618,OUTPOST TRAVEL CENTER,"I-20, EXIT 5 & US-80",Greenwood,LA,745,2.899
4620,PILOT TRAVEL CENTERS #95,"I-75, EXIT 329 & SR-44",Wildwood                                ,FL,225,3.22566666
4620,PILOT TRAVEL CENTER #95,"I-75, EXIT 329 & SR-44",Wildwood                                ,FL,225,3.319
4622,TA LEE HI TRAVEL PLAZA,"I-81,  EXIT 195",Lexington,VA,185,3.659
4628,QUARLES #4601,US-29/US-17/US-15,Warrenton,VA,60,3.32233333
4637,THORNTONS #369 DBA PILOT TRAVEL CENTER #514,"I-55, EXIT 126 & SR-10",Lincoln                                 ,IL,318,3.399
4637,THORNTONS #369 DBA PILOT TRAVEL CENTER #514,"I-55, EXIT 126 & SR-10",Lincoln                                 ,IL,318,3.499
4637,PILOT TRAVEL CENTER #514 - THORNTONS #369,"I-55, EXIT 126 & SR-10",Lincoln                                 ,IL,318,3.499
4637,PILOT TRAVEL CENTER #514 - THORNTONS #369,"I-55, EXIT 126 & SR-10",Lincoln                                 ,IL,318,3.399
4642,MARSHAL JUNCTION,"I-70, EXIT 147 & SR-1",Marshall                                ,IL,510,3.199
4642,MARSHAL JUNCTION,"I-70, EXIT 147 & SR-1",Marshall                                ,IL,510,3.399
4644,CIRCLE K #4706703,"I-80, EXIT 145A",Mokena,IL,290,3.399
4644,CIRCLE K #4706703,"I-80, EXIT 145A",Mokena,IL,290,3.339
4654,7-ELEVEN #35087,"I-490, EXIT 2 & SR-33 & SR-19",Bergen,NY,190,4.029
4655,QUICKLEES TRAVEL CENTER,"I-86, EXIT 30 & CR-20",Belmont,NY,190,3.999
4690,PWI #401,"I-20 & I-30, EXIT 1B",Aledo,TX,630,2.799
4700,A C TRUCKSTOP,"I-80, EXIT 290",Laramie                                 ,WY,795,3.079
4704,THE RIDGE,"I-68/US-219, EXIT 14 & US-40",Accident,MD,165,4.199
4707,SMITHTON TRUCKSTOP,"I-70, EXIT 39 & SR-3059",Smithton,PA,165,3.899
4729,MINIT MART #600244,"I-70, EXIT 131",Straughn,IN,457,3.859
4742,FLYING J TRAVEL PLAZA #684,"I-94, EXIT 1 & SR-16",Beach,ND,807,3.96566666
4750,BROOKE TRAVEL PLAZA,"I-80, EXIT 259",West Liberty,IA,380,2.98733333
4762,TA MONROE TRAVEL CENTER,"I-75, EXIT 15",Monroe,MI,325,3.349
4762,TA MONROE TRAVEL CENTER,"I-75, EXIT 15",Monroe,MI,325,3.249
4762,TA MONROE TRAVEL CENTER,"I-75, EXIT 15",Monroe,MI,325,3.369
4762,TA MONROE TRAVEL CENTER,"I-75, EXIT 15",Monroe,MI,325,3.299
4806,TRACK AND TRAVEL,"I-20, EXIT 406",Weatherford,TX,630,2.91733333
4818,PILOT TRAVEL CENTER #350,"I-84 & US-20, EXIT 95",Mountain Home,ID,785,3.799
4818,PILOT TRAVEL CENTERS #350,"I-84 & US-20, EXIT 95",Mountain Home,ID,785,3.759
4819,Alta Convenience #6333,"I-25, EXIT 11",Trinidad,CO,803,3.399
4826,I-20 Truck Stop,"I-20, EXIT 165",Lincoln,AL,615,2.999
4827,PETRO BEAUMONT #304,"I-10, EXIT 848",Beaumont,TX,610,3.33066666
4837,SHELL,US-10 & SR-210,Motley,MN,522,3.399
4856,PILOT TRAVEL CENTER #910- TOWN PUMP,"I-90, EXIT 274 & US-287",Three Forks,MT,786,3.59733333
4858,PILOT TRAVEL CENTER #1346,"I-135, EXIT 31",Newton,KS,570,3.3115
4858,PILOT DEALER #1346,"I-135, EXIT 31",Newton,KS,570,3.409
4860,PILOT TRAVEL CENTER #476,"I-74, EXIT 32 & SR-17",Woodhull,IL,270,3.899
4860,PILOT TRAVEL CENTERS #476,"I-74, EXIT 32 & SR-17",Woodhull,IL,270,3.899
4872,TA COMMERCE TRAVEL CENTER,"I-85, EXIT 149 & US-441",Commerce,GA,16,3.21566666
4874,PWI #110,"I-20, EXIT 112 & FM-1936",Odessa,TX,710,3.049
4878,SHELL DBA ONE9 #1426,"I-84, EXIT 35",Nampa                                   ,ID,785,3.374
4881,PETRO STOPPING CENTER #14,"I-295, EXIT 56",Bordentown,NJ,230,4.029
4885,LOVES TRAVEL STOP #384,"I-70, EXIT 45",Greenville,IL,540,3.689
4885,LOVES TRAVEL STOP #384,"I-70, EXIT 45",Greenville,IL,540,3.749
4885,LOVES TRAVEL STOP #384,"I-70, EXIT 45",Greenville,IL,540,3.689
4885,LOVES TRAVEL STOP #384,"I-70, EXIT 45",Greenville,IL,540,3.689
4885,LOVES TRAVEL STOP #384,"I-70, EXIT 45",Greenville,IL,540,3.689
4885,LOVES TRAVEL STOP #384,"I-70, EXIT 45",Greenville,IL,540,3.749
4887,SUNOCO,"I-80 & I-90, EXIT 3",Wauseon                                 ,OH,550,3.699
4894,CLOVERDALE TRAVEL PLAZA,"I-70, EXIT 41 & US-231",Cloverdale,IN,375,3.699
4905,HY-MILER #2204,SR-250,Sandusky,OH,550,3.53233333
4909,CIRCLE K #2723916,US-441/US-301/US/27/SR-500,Ocala,FL,140,3.459
4910,PILOT TRAVEL CENTER #892,"I-70 EXIT 164, & US-50",Green River,UT,835,3.68566666
4918,PILOT TRAVEL CENTERS #219,"I-40, EXIT 398",Knoxville,TN,405,3.699
4920,TA LAPLACE,"I-10, EXIT 209 & US-5",La Place,LA,600,3.22733333
4921,PILOT TRAVEL CENTERS #231,"I-75, EXIT 29",Corbin,KY,410,3.609
4927,CIRCLE K #2704886,"I-65, EXIT 205 & US-31/SR-22",Clanton,AL,720,3.20733333
4933,VILLAGE TRUCK STOP,"I-81, EXIT 18",Rural Retreat                           ,VA,185,3.299
4977,KWIK TRIP #331,SR-54,Wisconsin Rapids,WI,395,3.26233333
4981,JOHNNYS MARKET,"I-94, EXIT 110 & US-27",Marshall,MI,385,3.499
4983,KWIK TRIP #603,"I-94, EXIT 28 & SR-128",Wilson,WI,451,3.549
4996,ZIP TRIP #54,"I-90, EXIT 452",Billings,MT,780,3.59066666
5003,TRAILWAY TRUCK STOP,US-301/SR-304,Centreville                             ,MD,22,3.259
5006,SUNOCO,US-1/US-9,Linden,NJ,79,3.799
5024,I 55 MOTOR PLAZA,"I-55,  EXIT 180",Pevely,MO,540,2.99066666
5030,YESWAY #1030,US-63 & E MARY ST,Ottumwa,IA,320,3.399
5044,TA MOUNT VERNON TRAVEL CENTER,"I-44, EXIT 46 & SR-39/SR265",Mount Vernon,MO,535,3.409
5050,ROCK PORT TRUCK PLAZA,"I-29 & US-136, EXIT 110",Rock Port,MO,400,3.099
5056,TREX MART #16,"I-35, EXIT, 61 & US-69",Winston,MO,276,3.119
5057,PHILLIPS 66,"I-35, EXIT 54 & I-35 BUS/US-36",Cameron,MO,276,3.099
5060,CRAZY FREDS TRUCK SHOP,"I-40, EXIT 44 & US-66",Kingman,AZ,910,3.539
5064,CLARK OIL #44,"I-59, EXIT 97",Laurel                                  ,MS,620,2.879
5079,FASTLANE TAYLOR 63,US-61 & SR-6,Taylor,MO,494,3.01566666
5085,K AN T TRUCKSTOP,"I-79, EXIT 137 & SR-310",Fairmont,WV,165,3.399
5111,CIRCLE K #2723385,"I-59, EXIT 67 & US-49/SR-42",Hattiesburg,MS,620,3.149
5117,CIRCLE K #4702361,"I-65, EXIT 130 & SR-334",Whitestown,IN,375,3.29233333
5128,CASEYS #2769,"I-80, EXIT 220 & SR-149",Williamsburg,IA,380,3.14233333
5131,TRAILS END TRUCK STOP,"I-29, EXIT 110 & US-136",Rock Port,MO,486,3.40566666
5132,Travel Centers of America,"I-44, EXIT 208 & SR-19",Cuba,MO,574,3.26566666
5160,FUEL MART #727,"I-70, EXIT 193",Quaker City                             ,OH,249,3.16566666
5163,Blue Sky #733,"US-78, EXIT 81 & SR-178",Belden,MS,742,2.939
5165,ONE9 #046,"I-65, EXIT 6 & SR-100",Franklin,KY,415,3.08566666
5167,SPEEDWAY #7575,"I-65, EXIT 255",Hobart,IN,290,3.63233333
5170,FLYING J #516,"I-76, EXIT 161 & I-70",Breezewood,PA,14,5.099
5183,PETRO STOPPING CENTER #74,I-95 & EXIT 106,Kenly,NC,205,3.709
5191,NORTH POINT PLAZA,"I-90 & I-94, EXIT 115",Poynette,WI,420,3.17233333
5202,Chevron #306185,US-30,Montpelier,ID,825,3.699
5203,OASIS TRAVEL CENTER,"I-10, EXIT 53",Robertsdale,AL,715,3.469
5207,JJ TRAVEL PLAZA,"I-70, EXIT 70 & US-83",Oakley,KS,525,3.61566666
5227,PILOT TRAVEL CENTERS #900,"I-95, EXIT 75",Dunn,NC,205,3.709
5230,ONE9 #496,"I-80, EXIT 265",Atalissa,IA,270,3.01566666
5232,CM EUNICE,US-190,Eunice,LA,730,3.399
5234,SINCLAIR,SR-37,Monett,MO,277,3.29066666
5236,FLYING J #875,"I-95,  EXIT 109",Elkton,MD,243,4.199
5245,CASEYS #3842,US-36 & US-283,Norton,KS,357,3.15733333
5247,EDGERTON TRAVEL PLAZA,"I-90, EXIT 160 & US-51",Edgerton,WI,420,3.199
5249,Taylor's Stateline Travel Center,US-67 & SR-278,Neelyville,MO,275,2.999
5254,TA CANDLER TRAVEL CENTER,"I-40, EXIT 37",Candler,NC,210,3.799
5255,7-ELEVEN #35788,"I-35, EXIT 215",Olathe,KS,400,3.339
5258,PT TRUCK STOP,"I-12, EXIT 42",Hammond                                 ,LA,623,3.249
5282,CASEYS #3548,US-54 & US-61,Pratt,KS,357,3.14066666
5285,TULLO TRUCK STOP,"I-95, EXIT 15E & US-1/US-9",Kearny,NJ,79,3.799
5297,ERNIES TRUCK STOP,"I-90,  EXIT 179 & I-90 BUS/SR-17",Moses Lake,WA,920,3.999
5297,ERNIES TRUCK STOP,"I-90,  EXIT 179 & I-90 BUS/SR-17",Moses Lake,WA,920,3.949
5297,ERNIES TRUCK STOP,"I-90,  EXIT 179 & I-90 BUS/SR-17",Moses Lake,WA,920,4.179
5299,Sudden Service #62,"I-65, EXIT 6 & SR-100",Franklin,KY,460,3.084
5302,ONE9 #258,"I-81, EXIT 150 & US-220 ALT & US-11",Troutville,VA,185,3.03233333
5306,PILOT TRAVEL CENTERS #11,"I-76, EXIT 232",North Lima                              ,OH,573,3.799
5309,NEWBORN TRUCK STOP,I-20 EXIT 5,Tallapoosa,GA,48,3.40733333
5310,FLYING J #576,"I-35, EXIT 69",Northfield,MN,515,3.859
5324,HY-MILER #2245,SR-53,Fremont,OH,550,3.38233333
5341,KWIK STAR #1160,"US-75, EXIT 118 & SR-3",Le Mars,IA,408,3.299
5349,JET FOOD STORE #17,US-1/SR=4/SR-540 & US-220/SR-47,Wrens,GA,135,3.41566666
5363,SPEEDWAY #6767,"I-75, EXIT 20",Manheim,PA,70,4.499
5389,FLYING J TRAVEL PLAZA #744,"I-15, EXIT 343",Ogden,UT,835,3.749
5391,PWI #605,"I-10, EXIT 378",San Simon,AZ,640,2.959
5399,FLYING J TRAVEL PLAZA #750,"I-81 & I-77, EXIT 80",Max Meadows,VA,185,3.549
5407,CASEYS #4535,US 81,Concordia                               ,KS,570,2.91233333
5414,One9 #1216,"I-10 ,EXIT 200 & SR-84",Eloy,AZ,930,3.199
5414,Pride Travel Center dba One9 #1216,"I-10 ,EXIT 200 & SR-84",Eloy,AZ,930,3.199
5419,USA TRAVEL CENTER,"I-40, EXIT 48 & US-93",Kingman,AZ,910,3.399
5422,K AND H TRUCK PLAZA,"I-57, EXIT 283 & US-24",Gilman,IL,290,3.159
5422,K AND H TRUCK PLAZA,"I-57, EXIT 283 & US-24",Gilman,IL,290,3.099
5424,WK TRUCK STOP,"US-231 & SR-9001, EXIT 75",Beaver Dam,KY,340,3.399
5435,MEADE AUTO AND TRUCK PLAZA,US-54,Meade                                   ,KS,525,3.799
5436,PARKWAY MARATHON,"US-79, EXIT 94",Caneyville,KY,415,3.73233333
5446,PETRO STOPPING CENTER #308,"I-20, EXIT 8 & SR-526",Shreveport,LA,745,3.17566666
5462,BOOZER KWIK STOP,"I-15, EXIT 118",Idaho Falls                             ,ID,825,3.44733333
5464,PILOT TRAVEL CENTERS #48,"I-65, EXIT 86",Glendale,KY,415,3.609
5474,One9 #88,"I-95/SR-9, EXIT 201 & SR-520",Cocoa,FL,143,3.37566666
5477,CHEVRON #383766,"I-5, EXIT 216",Halsey,OR,935,3.099
5479,PILOT TRAVEL CENTERS #94,"I-75, EXIT 161",Punta Gorda,FL,225,3.799
5479,PILOT TRAVEL CENTER #94,"I-75, EXIT 161",Punta Gorda,FL,225,3.799
5491,49ER FUEL CENTER,"I-75, EXIT 49",East Bernstadt                          ,KY,410,2.999
5492,BFS FOODS #68,"I-70, EXIT 3",Hancock                                 ,MD,22,4.129
5522,ONE9 #301,"I-55,  EXIT 40",Marston,MO,275,3.109
5523,TA LIMON TRAVEL CENTER,"I-70, EXIT 359 & US-24",Limon,CO,800,3.92066666
5529,FLYING J #549,"I-77, EXIT 100 & 101",Mount Airy,NC,65,3.599
5537,HUCKS TRAVEL CENTER #51 DBA FLYING J #889,"I-57/I-64, EXIT 95 & SR-15",Mount Vernon,IL,574,3.459
5537,HUCKS TRAVEL CENTER #51 dba FLYING J #889,"I-57/I-64, EXIT 95 & SR-15",Mount Vernon,IL,574,3.499
5537,HUCKS TRAVEL CENTER #51 DBA FLYING J #889,"I-57/I-64, EXIT 95 & SR-15",Mount Vernon,IL,574,3.359
5537,HUCKS TRAVEL CENTER #51 DBA FLYING J #889,"I-57/I-64, EXIT 95 & SR-15",Mount Vernon,IL,574,3.599
5537,HUCKS TRAVEL CENTER #51 dba FLYING J #889,"I-57/I-64, EXIT 95 & SR-15",Mount Vernon,IL,574,3.399
5554,Southfork TRUCK STOP,"I-30, EXIT 63 & SR-53",Gurdon,AR,635,3.459
5560,MIDWAY TRAVEL PLAZA,I-70 EXIT 121 & US-40,Columbia,MO,310,3.539
5569,TA EXPRESS NORWOOD #0450,US-60,Norwood,MO,535,3.449
5570,PETRO STOPPING CENTER #310,"I-12, EXIT 40 & US-51 BUS",Hammond,LA,725,3.249
5579,SAPP BROS TRAVEL CENTER,US-30,Columbus,NE,486,3.219
5592,TA COLUMBIA NORTH,"I-20, EXIT 71 & US-21",Columbia,SC,46,3.439
5597,CM LAKE CHARLES FUEL STOP 36,"I-10, EXIT 36 & SR-397",Lake Charles,LA,690,3.299
5601,BP,"I-24, EXIT 16",Paducah,KY,490,3.429
5603,TA NORTH CANTON TRAVEL CENTER,"I-77, EXIT 111",North Canton,OH,249,3.624
5606,FLYING J #511,"I-94, EXIT 147",Mandan,ND,273,3.95233333
5607,RICE MART,"I-45 & FM 1603, EXIT 238",Rice,TX,630,3.019
5608,SHOP A LOTT  #3,US-84 & US-171,Mansfield                               ,LA,766,3.13566666
5613,CHEVRON #381108,"I-82, EXIT 36",Yakima,WA,925,3.999
5618,MCCLURE OIL #52,"I-65/US-52, EXIT 140 & SR-32",Lebanon                                 ,IN,375,3.584
5649,Fast Stop,"I-10, EXIT 182 & SR-22",Sorrento                                ,LA,623,3.699
5651,LOVES TRAVEL STOP #303,"I-64, EXIT 43 & SR-395",Waddy,KY,415,3.749
5659,TEX-BEST #526,US-59 & US-281,George West,TX,625,3.299
5660,Pride Convenience Store,"I-90, EXIT 51 & I-291",Chicopee,MA,100,3.509
5661,TA Express #287,"I-40, EXIT 288 & SR-111",Cookeville,TN,460,3.299
5667,PILOT TRAVEL CENTERS #393,"I-40, EXIT 24 & SR-209",Waynesville                             ,NC,210,3.759
5669,KWIK TRIP #497,I-90 EXIT 266 & CR-12,Dakota,MN,515,3.474
5670,TA MOUNT VERNON TRAVEL CENTER,"I-57 & I-64, EXIT 95",Mount Vernon,IL,574,3.449
5670,TA MOUNT VERNON TRAVEL CENTER,"I-57 & I-64, EXIT 95",Mount Vernon,IL,574,3.499
5670,TA MOUNT VERNON TRAVEL CENTER,"I-57 & I-64, EXIT 95",Mount Vernon,IL,574,3.539
5674,TA MADISON TRAVEL CENTER,"I-20, EXIT 114 & US-441",Madison,GA,16,3.89066666
5677,YESWAY #1178,CR-13,Kadoka,SD,506,3.189
5691,Pilot Travel Center #666,"I-94, EXIT 30",Benton Harbor,MI,465,3.059
5700,BEACON & BRIDGE #18,US-131 BUS,Big Rapids,MI,456,3.559
5700,BEACON & BRIDGE #18,US-131 BUS,Big Rapids,MI,456,3.319
5700,BEACON & BRIDGE #18,US-131 BUS,Big Rapids,MI,456,3.339
5718,TOOT N TOTUM #104,US-287,Dalhart,TX,585,3.199
5721,TA BALTIMORE SOUTH TRAVEL CENTER,"I-95, EXIT 41A & SR-175 & US-1",Jessup,MD,22,4.599
5729,MENOMONIE FARMERS UNION,"I-94, EXIT 45 & CR-B",Menomonie,WI,295,3.649
5730,SCOTTS QUICK STOP,SR-53 & SR-46,Marlette,MI,342,3.399
5739,PILOT TRAVEL CENTERS #284,"I-75, EXIT 18",Monroe                                  ,MI,325,3.399
5739,PILOT TRAVEL CENTERS #284,"I-75, EXIT 18",Monroe                                  ,MI,325,3.299
5739,PILOT TRAVEL CENTERS #284,"I-75, EXIT 18",Monroe                                  ,MI,325,3.559
5739,PILOT TRAVEL CENTERS #284,"I-75, EXIT 18",Monroe                                  ,MI,325,3.249
5739,PILOT TRAVEL CENTERS #284,"I-75, EXIT 18",Monroe                                  ,MI,325,3.439
5751,TA LAKE PARK TRAVEL CENTER,"I-75,  EXIT 2",Lake Park,GA,20,3.31566666
5754,ROAD TRIP OASIS PERRY,"I-69, EXIT 105 & SR-52",Perry,MI,406,3.799
5754,ROAD TRIP OASIS PERRY,"I-69, EXIT 105 & SR-52",Perry,MI,406,3.699
5758,SPEEDY Q MARKET #8206,"I-94, EXIT 274",Port Huron                              ,MI,325,3.899
5770,Kwik Trip # 1281,"I-43, EXIT 107",Belgium                                 ,WI,444,3.25566666
5771,DUNES AUTO TRUCK PLAZA,"I-94, EXIT 12",Sawyer,MI,465,3.499
5771,DUNES AUTO TRUCK PLAZA,"I-94, EXIT 12",Sawyer,MI,465,3.599
5774,PJ TRAVEL PLAZA,"I-80, EXIT 192 & SR-880",Loganton,PA,138,3.479
5780,BILLS TRUCKSTOP,"I-85, EXIT 86                 ",Linwood                                 ,NC,65,3.449
5799,STAPLES OIL,"I-90, EXIT 146",Alden,MN,425,3.299
5801,TA WYTHEVILLE TRAVEL CENTER,"I-81, EXIT 72 & I-77, EXIT 41",Wytheville,VA,185,3.519
5821,TA PORTLAND TRAVEL CENTER,"I-5,  EXIT 278",Aurora,OR,935,4.03233333
5823,ENMARKET #863,"I-95, EXIT 8 & SR-88",Hardeeville,SC,195,3.08233333
5830,115 TRUCKSTOP #5001,"I-94, EXIT 115",Marshall,MI,431,3.429
5830,115 TRUCKSTOP #5001,"I-94, EXIT 115",Marshall,MI,431,3.499
5830,115 TRUCKSTOP #5001,"I-94, EXIT 115",Marshall,MI,431,3.589
5842,PETRO STOPPING CENTER #6367,"I-57,  EXIT 335",Monee,IL,290,3.459
5842,PETRO STOPPING CENTER #6367,"I-57,  EXIT 335",Monee,IL,290,3.499
5842,PETRO STOPPING CENTER #6367,"I-57,  EXIT 335",Monee,IL,290,3.399
5860,SPEEDWAY #4610,"I-35, EXIT 59 & SR-21",Faribault,MN,448,3.759
5873,SOUTHERN VALLEY COOP,ST 14 BYPASS,Mankato                                 ,MN,425,3.499
5901,ROTHSAY TRUCK STOP,"I-94, EXIT 38",Rothsay,MN,341,3.209
5903,Circle K #2746447,I-94/US-52 EXIT 127 & US-71/SR-28,Sauk Centre,MN,250,3.189
5907,SPEEDWAY #4035,CR-101,Shakopee,MN,448,3.599
5909,SINCLAIR,"I-90, EXIT 233",Saint Charles,MN,515,3.529
5927,HARRISONBURG TRAVEL CENTER,"I-81,  EXIT 243 & US-11",Harrisonburg,VA,185,2.899
5935,WESTHAMPTON VALERO,I-295 EXIT 47A,Mount Holly                             ,NJ,160,3.329
5942,EXPRESS MART TRUCK STOP,"I-55, EXIT 185 & US-67/US-61",Barnhart,MO,540,2.99733333
5944,LAKE MILLS TRAVEL PLAZA,"I-94, EXIT 259 & SR- 89/CR-G",Lake Mills,WI,420,3.36066666
5946,PILOT TRAVEL CENTERS #918,I-90 EXIT 55,Rapid City,SD,506,3.999
5949,EXXON,US-59 & LOOP 151,Texarkana                               ,TX,723,3.16566666
5951,ROAD RANGER #157,I-64 EXIT 41,Okawville,IL,540,3.799
5963,OZONA ONE STOP,"I-10, EXIT 372",Ozona                                   ,TX,710,2.98233333
5965,TRUCK TOWNE,I-29 EXIT 47 & SR-46,Beresford                               ,SD,572,3.159
5971,WACO TRAVEL CENTER,SR-19,Perry,FL,20,3.699
5979,TA LAFAYETTE TRAVEL CENTER,"I-10 & SR-182, EXIT 101",Lafayette,LA,600,3.134
5980,THRIFT MART TRUCK PLAZA,"I-85/US-460, EXIT 63A & US-1/US-460 BUS",Petersburg,VA,180,3.199
5990,360 TRUCK STOP,US-360,Amelia Court House,VA,180,3.599
5996,Fast Stop Travel Centers #1134,"I-80/US-30, EXIT 99 & US-191/SR-373",Rock Springs,WY,827,3.499
5999,PILOT TRAVEL STOP #492,"I-30, EXIT 78 & SR-7",Arkadelphia,AR,635,3.559
5999,PILOT TRAVEL CENTER #492,"I-30, EXIT 78 & SR-7",Arkadelphia,AR,635,3.499
6001,ALLSUPS #2392,US-70 & US-285,Roswell,NM,700,3.199
6009,CASEYS #2652,US-65 & US-36,Chillicothe,MO,400,3.289
6010,SEGOVIA TRUCK STOP,"I-10, EXIT 465",Junction,TX,739,2.999
6018,TA BLOOMINGTON TRAVEL CENTER,"I-55, I-74 & I-39 , EXIT 160",Bloomington,IL,280,3.619
6018,TA BLOOMINGTON TRAVEL CENTER,"I-55, I-74 & I-39 , EXIT 160",Bloomington,IL,280,3.649
6018,TA BLOOMINGTON TRAVEL CENTER,"I-55, I-74 & I-39 , EXIT 160",Bloomington,IL,280,3.599
6018,TA BLOOMINGTON TRAVEL CENTER,"I-55, I-74 & I-39 , EXIT 160",Bloomington,IL,280,3.449
6018,TA BLOOMINGTON TRAVEL CENTER,"I-55, I-74 & I-39 , EXIT 160",Bloomington,IL,280,3.539
6033,EMERY'S,US-54,Deerfield,MO,277,3.349
6037,CRYSTAL OIL,"I-129/US-20/US-75,  EXIT 2",South Sioux City,NE,527,3.549
6041,COCKERHAM FUEL CENTER #4,"I-77, EXIT 14 & US-58/US-221",Hillsville,VA,185,3.28233333
6047,FAST LANE #26,US-61,Eolia,MO,494,3.099
6051,CIRCLE K #2709846,"I-25, EXIT 240",Longmont,CO,800,3.05733333
6057,PILOT TRAVEL CENTER #903,"I-70/US-40, EXIT 252",Salina,KS,523,3.759
6057,PILOT TRAVEL CENTERS #903,"I-70/US-40, EXIT 252",Salina,KS,523,3.779
6058,MOTOR INN AUTO TRUCK STOP,I-75 EXIT 110,Mendon,OH,370,3.199
6068,AYERCO #24,US-61 & CR MM,Hannibal,MO,494,3.099
6082,Palmetto Truck Plaza,US-27/SR-25 & SR-826,Hialeah,FL,95,3.399
6083,BP,"I-35, EXIT 33",Holt                                    ,MO,400,3.049
6087,BREAK TIME #3173,US-54 & CR-HH,Fulton,MO,310,3.299
6093,ONE9 #901,"I-80 & US-183, EXIT 257",Elm Creek,NE,330,2.96566666
6096,Waverly Travel Center,US-23,Waverly                                 ,OH,315,3.41566666
6097,SAPP BROS TRAVEL CENTER,"I-80, EXIT 263",Elm Creek,NE,330,3.18733333
6106,TA HUNTINGTON,"I-84, EXIT 353",Huntington,OR,982,3.639
6111,HAWGS EXXON,US-167/SR-25,Batesville                              ,AR,418,3.359
6150,CIRCLE K #2723707,"I-81,  EXIT 150",Troutville,VA,65,3.06566666
6154,TA MOBILE TRAVEL CENTER,"I-10,  EXIT 4",Grand Bay,AL,715,3.13566666
6164,PILOT TRAVEL CENTER #268,"I-80/US-6, EXIT 284",Walcott,IA,270,3.859
6164,PILOT TRAVEL CENTERS #268,"I-80/US-6, EXIT 284",Walcott,IA,270,3.88566666
6165,TEMP STOP #117,I-70 & GRAIN VALLEY RD EXIT 24,Grain Valley,MO,400,2.959
6167,PILOT TRAVEL CENTERS #167,US-71,Nevada,MO,277,3.49566666
6172,SPEEDWAY #2319,"I-96, EXIT 77",Portland,MI,431,3.699
6172,SPEEDWAY #2319,"I-96, EXIT 77",Portland,MI,431,3.549
6173,PILOT TRAVEL CENTERS #21,"I-94, EXIT 167",Dexter,MI,325,3.659
6173,PILOT TRAVEL CENTERS #21,"I-94, EXIT 167",Dexter,MI,325,3.599
6173,PILOT TRAVEL CENTERS #21,"I-94, EXIT 167",Dexter,MI,325,3.579
6173,PILOT TRAVEL CENTERS #21,"I-94, EXIT 167",Dexter,MI,325,3.649
6175,ONVO TRAVEL PLAZA - MIFFLINTOWN,US-322/US-22 & SR-35,Mifflintown,PA,138,3.479
6179,HENDERSON TRAVEL PLAZA,"I-10, EXIT 115 & SR-347",Breaux Bridge                           ,LA,690,3.38566666
6180,Circle #4703923,"I-24, EXIT 180B & US-27",Chattanooga,TN,285,2.78566666
6182,Exxon,"I-20, EXIT 205 & SR-46",Heflin,AL,587,3.01566666
6188,SIGNAL FOOD STORE #112,US-65 & SR-J,Ozark,MO,535,2.999
6198,DAVIS TRAVEL CENTER #102,"I-95/US-301, EXIT 33 & SR-602",Stony Creek,VA,180,3.06566666
6200,KWIK FILL #388,"I-80, EXIT 29 & SR-8",Harrisville,PA,165,3.404
6206,PETRO PORTAGE,"I-90 & I-94, EXIT 108-A",Portage,WI,420,3.80733333
6212,MR FUEL,"I-55, EXIT 180",Pevely,MO,540,3.01566666
6214,PIONEER Travel Plaza,"I-41, EXIT 60 & SR-145",Richfield,WI,444,3.21566666
6215,FUEL HUB,"I-87, EXIT 21B",West Coxsackie,NY,12,3.599
6218,LOVES TRAVEL STOP #215,"I-40, EXIT 16 & US-40 BUS/US-66",Gallup,NM,580,3.43733333
6219,SCHATZ CROSSROADS,US-2 /US-52,Minot,ND,452,3.549
6221,LOVES TRAVEL STOP #214,I-10 EXIT 37,El Paso,TX,640,3.07566666
6222,QUIKTRIP #236,"I-29/US-71, EXIT 18 & SR-92",Platte City,MO,400,2.999
6227,MARLOWS FUEL CENTER,"I-20, EXIT 479",Dallas                                  ,TX,630,3.24066666
6229,FUEL MART #764,"I-70, EXIT 66 & SR- 54",South Vienna                            ,OH,315,3.129
6232,OASIS TRUCK STOP,"I-44 & SR-133, MM 145",Richland,MO,416,3.324
6242,TA FORISTELL TRAVEL CENTER,"I-70, EXIT 203",Foristell,MO,540,3.019
6243,GARDEN INN TRAVEL PLAZA,US-60/US-63,Cabool,MO,535,3.299
6251,BREAUX BRIDGE VALERO #1408,"I-10 & SR-347, EXIT 115",Breaux Bridge,LA,730,3.499
6252,PILOT TRAVEL CENTERS #12,I-80 & I-90 EXIT 71,Perrysburg,OH,550,3.759
6258,CASEYS #6342,"I-29, EXIT 144 & US-169",Saint Joseph,MO,400,3.169
6271,TA DENTON TRAVEL CENTER,"I-35, EXIT 471 & US-77",Denton,TX,630,3.254
6275,TA SEATTLE EAST TRAVEL CENTER,"I-90, EXIT 34",North Bend,WA,962,3.959
6275,TA SEATTLE EAST TRAVEL CENTER,"I-90, EXIT 34",North Bend,WA,962,3.899
6275,TA SEATTLE EAST TRAVEL CENTER,"I-90, EXIT 34",North Bend,WA,962,3.859
6284,7-ELEVEN #40513,I-90/80-IN TOLL RD MM 22W,Portage,IN,365,3.999
6286,APPLE MARKET #526,"I-64, EXIT 94",Winchester,KY,410,2.91566666
6290,FUEL KING NAPOLEON TRAVEL CENTER,"US-6/US-24/SR/CR-3, EXIT 41",Napoleon,OH,550,3.439
6293,PETRO STOPPING CENTER #313,"I-40, EXIT 79",Milan,NM,580,3.57066666
6296,GRAY TRUCK STOP,US-71/US-136,Maryville,MO,400,3.26566666
6299,HWY 34 TRUCKSTOP,"US-34, EXIT 258",West Burlington                         ,IA,345,3.374
6305,I-95 Fuel Stop,"I-95, EXIT 126 & US-17/US-1",Fredericksburg,VA,180,3.264
6307,QUIKTRIP #608,"I-70, MID RIVERS MALL",Saint Peters,MO,540,2.904
6308,Pilot Travel Centers #354,"I-64, EXIT 28",Simpsonville,KY,415,3.759
6309,WINNERS CIRCLE #1,"I-30 & US-270, EXIT 98A",Malvern,AR,695,3.35233333
6310,CIRCLE K #2707515,US-27/SR-25 & US-98/US-700/SR-700/SR-66,Sebring,FL,140,3.389
6315,AYERCO #25,US-24,Taylor,MO,494,3.01566666
6318,Chisholm Corner #15,"I-35, EXIT 72 & US-19",Pauls Valley                            ,OK,569,3.38733333
6326,KANZA TRAVEL PLAZA,"I-35, EXIT 231 AND US-177",Braman,OK,500,3.02733333
6327,PETRO STOPPING CENTER #312,"I-40 & I-75, EXIT 369",Knoxville,TN,405,3.42566666
6330,TA EDINBURG TRAVEL CENTER,I-69C/US-281 & FM-2812,Edinburg,TX,639,3.01066666
6334,231 PLAZA AND TRUCK STOP,US-231/SR-75 & SR-20,Youngstown,FL,20,3.494
6341,TA RAWLINS TRAVEL CENTER,"I-80, EXIT 214",Rawlins,WY,795,3.72233333
6346,SPEEDWAY #4710,US-71/SR-60,Windom,MN,425,3.299
6351,FLYING J TRAVEL PLAZA #608,"I-10, EXIT 1",Ehrenberg,AZ,930,3.959
6356,CIRCLE K #2721536,ST 6 EAST,Batesville,MS,435,3.24066666
6370,TA ROCKWALL TRAVEL CENTER,"I-30/US-67, EXIT 68 & SR-205",Rockwall,TX,630,3.13733333
6374,TA ELGIN WEST TRAVEL CENTER,I-90 &  US-20,Hampshire,IL,290,3.459
6374,TA ELGIN WEST TRAVEL CENTER,I-90 &  US-20,Hampshire,IL,290,3.539
6374,TA ELGIN WEST TRAVEL CENTER,I-90 &  US-20,Hampshire,IL,290,3.599
6374,TA ELGIN WEST TRAVEL CENTER,I-90 &  US-20,Hampshire,IL,290,3.499
6374,TA ELGIN WEST TRAVEL CENTER,I-90 &  US-20,Hampshire,IL,290,3.469
6387,FLYING J FRANCHISE #966,"I-80, EXIT 229",Battle Mountain,NV,966,3.79233333
6391,TOOT N TOTUM #106,US-287,Dumas,TX,585,3.00566666
6393,PILOT TRAVEL CENTER #478,"I-64, EXIT 92",Leavenworth                             ,IN,415,3.959
6393,PILOT TRAVEL CENTERS #478,"I-64, EXIT 92",Leavenworth                             ,IN,415,3.959
6401,CIRCLE K #2723457,"I-10, EXIT 34-B",Gulfport,MS,715,2.989
6434,AMPRIDE ALL ROUND TRUCK STOP,US-20,Fort Dodge,IA,343,3.299
6441,GRAND OIL,"I-75, EXIT 41 & SR-80",London                                  ,KY,410,3.499
6442,CLARK OIL #49,US-84,Laurel,MS,620,2.999
6448,CIRCLE K #2723392,"I-59, EXIT 97 & US-84",Laurel,MS,620,2.95233333
6462,ARCO #471770,US-281 & SR-5,Dunseith,ND,452,3.499
6468,TA SAYRE TRAVEL CENTER,"I-40 & CEMETARY RD, EXIT 26",Sayre,OK,483,3.064
6480,FLYING J #934,"I-84, EXIT 265",La Grande,OR,982,3.53566666
6492,FLICKS,US-49,Richland,MS,760,2.999
6496,SPEEDY EXPRESS #38,"I-35, EXIT 305",Mathis,TX,625,3.199
6502,SQUAW CREEK TRAVEL PLAZA,"I-29, EXIT 79 & US-159",Forest City,MO,400,3.339
6517,HARDYS #5,"I-80, EXIT 4   4",Wendover,UT,835,3.499
6518,TOWN PUMP FOOD STORE #310,"I-15, EXIT 164",Boulder,MT,816,3.559
6526,TULIP CITY TRUCK STOP,"I-196 & SR-40, EXIT 49",Holland,MI,344,3.739
6527,ZIP TRIP #50,"I-90, EXIT 426",Park City,MT,780,3.584
6547,FLYING J TRAVEL PLAZA #762,"I-90, EXIT 126 & SR-59",Gillette,WY,836,3.899
6562,PILOT #1323,"I-29, EXIT 35                 ",Faucett                                 ,MO,400,3.27233333
6563,Road Ranger #282,"I-35, EXIT 500",Gainesville,TX,630,3.17566666
6564,FLYING J FRANCHISE #970,US-395,Pasco                                   ,WA,925,4.599
6565,TA Greeneville Travel Center,"I-81,  EXIT 36",Greeneville,TN,405,3.55233333
6567,YELLOWSTONE TRUCK SHOP,"I-90, EXIT 330",Livingston,MT,786,3.649
6577,AC & T TRAVEL CENTER,"I-81, EXIT 5 W",Hagerstown,MD,70,3.659
6578,PILOT TRAVEL CENTER #909- TOWN PUMP,"I-15 & US-2, EXIT 363",Shelby                                  ,MT,815,3.63566666
6588,TOWN PUMP FOOD STORE #4300,"I-90, EXIT 249",Whitehall,MT,786,3.659
6593,LITTLE AMERICA TRAVEL CENTER,"I-40, EXIT 198",Flagstaff,AZ,930,3.539
6607,TRANSIT TRUCK STOP,"I-97, EXIT 10",Millersville,MD,22,3.46566666
6608,7-ELEVEN #35560,SR-16,Charlotte,NC,46,3.999
6628,FLYING J TRAVEL PLAZA #682,"I-85, EXIT 150",Haw River,NC,65,3.94233333
6632,TA SAVANNAH TRAVEL CENTER,"I-95/SR-405,  EXIT 87 & US-17/SR-25",Richmond Hill,GA,195,3.35066666
6633,BAKER TRUCK CORRAL,"I-84, EXIT 304",Baker City,OR,982,3.42566666
6640,PETRO STOPPING CENTER JOHNSTOWN,"I-25, EXIT 254",Johnstown                               ,CO,800,3.42733333
6642,TA VERO BEACH TRAVEL CENTER #197,"I-95/SR-9, EXIT 147 & SR-60",Vero Beach,FL,95,3.484
6646,FAMILY EXPRESS #35 (DISCOUNT AVAILABLE),"I-65, EXIT 215 & SR-114",Rensselaer                              ,IN,365,3.13233333
6655,BP DBA TA ELKTON TRAVEL CENTER,"I-95,  EXIT 109B",Elkton,MD,150,4.969
6659,GURNEE TRUCK STOP,US-41,Gurnee                                  ,IL,290,3.289
6659,GURNEE TRUCK STOP,US-41,Gurnee                                  ,IL,290,3.379
6661,TA FRANKLIN TRAVEL CENTER,"I-65, EXIT 61",Franklin,TN,460,3.839
6663,TA of Mocksville,"I-40, EXIT 170 & US-601",Mocksville,NC,46,3.699
6677,ROADWAY TRAVEL CENTER,"I-29, EXIT 73",Sioux Falls                             ,SD,530,3.199
6693,SAPP BROS TRAVEL CENTER,US-77,Fremont,NE,486,3.34566666
6701,JACKS TRUCK STOP,"I-65, EXIT 304 & SR-69",Cullman,AL,615,3.999
6704,FL Roberts,"I-91, EXIT 24",Whately,MA,100,3.559
6716,MARATHON,"I-29/US-81, EXIT 65 & I-94 BUS/US-10",Fargo,ND,341,3.449
6721,STAMART 1222,"I-29, EXIT 64",Fargo,ND,341,3.38566666
6725,TA EXPRESS GRAND FORKS #948,"I-29, EXIT 141 & US-2",Grand Forks,ND,355,3.539
6734,TOMAHAWK TRUCK STOP,"I-25, EXIT 128",Fountain,CO,803,3.299
6736,EAGLEVILLE TRAVEL CENTER,"I-35 & ROUTE N, EXIT 106",Eagleville,MO,320,2.93566666
6742,Holiday #3810,"I-94/US-52, EXIT 178 & SR-24",Clearwater,MN,453,3.22066666
6744,FLYING J #550,US-2/US-52,Minot,ND,273,3.93566666
6745,TIGER TRUCK STOP,"I-10, EXIT 139",Grosse Tete,LA,600,3.059
6755,PETRO STOPPING CENTER #326,"I-40, EXIT 161 & SR-391",North Little Rock,AR,695,3.20733333
6760,BETTY BEAVERS TRUCKSTOP,"I-87, EXIT 32",Lewis,NY,12,3.719
6760,BETTY BEAVERS TRUCKSTOP,"I-87, EXIT 32",Lewis,NY,12,3.619
6765,CIRCLE C TRAVEL PLAZA,"I-95, EXIT 68 & SR-61",Walterboro,SC,195,3.079
6806,Onvo Travel Plaza,"I-78/US-22, EXIT 45 & SR-863",Kutztown,PA,90,3.32733333
6810,TA RICHMOND,"I-95, EXIT 89 & SR-802",Ashland,VA,180,3.60566666
6811,PUMP & PANTRY #24,US-6/CR-74,Hastings,NE,330,3.399
6823,PETRO STOPPING CENTER #301,"I-10, EXIT 37",El Paso,TX,640,3.124
6840,PETRO DEMING,"I-10, EXIT 68",Deming,NM,640,3.38566666
6842,FLYNNS TRUCK PLAZA,"US-20, EXIT 11 & SR-140",Shrewsbury,MA,175,3.61566666
6845,NEBRASKALAND TIRE SHOP,"I-80, EXIT 237 & US-283",Lexington,NE,330,2.999
6850,BROKEN WHEEL TRUCK STOP,"I-25, EXIT 135",Douglas,WY,790,3.759
6857,TA SPARKS TRAVEL CENTER,"I-80, EXIT 19 & SR-659",Sparks,NV,966,3.899
6859,PRIME STOP,US-81,Norfolk,NE,470,3.229
6864,JJS TRUCK STOP,"I-30, EXIT 106",Malvern,AR,695,3.31566666
6869,TA WHEELING TRAVEL CENTER,"I-70, EXIT 11 & CR-41",Valley Grove,WV,165,3.529
6883,PILOT TRAVEL CENTERS #517,US- 22 & SR-322,Duncannon,PA,70,4.199
6885,GO MART FOOD STORE #31,"I-77, EXIT 95 & SR-61",Charleston                              ,WV,44,3.499
6886,PWI #535,"I-70, EXIT 47",Palisade,CO,800,3.379
6897,Speedee Mart #2890,US-20 & US-83,Valentine,NE,475,3.329
6901,PRIME STOP,US-275,Wisner,NE,470,3.259
6915,FLITE LINE SUNOCO,"I-95, EXIT 3",Portsmouth,NH,34,3.69566666
6927,TORCH 85 TRUCK PLAZA,"I-85, EXIT 42",Tuskegee,AL,720,3.27233333
6944,CROSSROADS TRUCK STOP,"I-82, EXIT 1 & US-730",Umatilla,OR,982,3.239
6948,PILOT #4563,"I-8I, EXIT 77",Harrisburg,PA,70,3.869
6951,ARROWHEAD TRAVEL PLAZA,"I-84, EXIT 216 & SR 331,",Pendleton,OR,982,3.259
6954,BOLLA MARKET #198,SR-17MAHWA,Mahwah,NJ,115,3.58566666
6960,FLYING J TRAVEL PLAZA #761,"I-80 & US-189, EXIT 3",Evanston,WY,835,3.699
6961,LITTLE AMERICA,"I-80, EXIT 358 & I-25, EXIT 9 & US-30",Cheyenne,WY,795,3.709
6962,LITTLE AMERICA TRAVEL CENTER,"I-80, EXIT 68 & SR-374",Little America,WY,835,3.52566666
6963,Atlantis Fresh Market #553,"I-84, EXIT 1",Montague,NJ,120,3.509
6968,R STORE #4513,US-41,Fond Du Lac,WI,360,3.299
6970,TA Twin City East Travel Center,I-94  EXIT 4 & US-12,Hudson,WI,450,3.54733333
6971,KWIK TRIP #1013,"I-41, EXIT 57 & SR-167",Richfield,WI,444,3.39066666
6975,TRUCKERS INN STOP,"I-90/I-94, EXIT 132 & US-51",De Forest,WI,420,3.199
6976,MOASIS TRUCK CENTER,US-41,Little Chute,WI,444,3.199
6980,TA MADISON TRAVEL CENTER,"I-90/I-94/I-39, EXIT 132 & US-51",De Forest,WI,420,3.839
6981,Kwik Trip #1197,"US-151, EXIT 26",Belmont,WI,335,3.564
6984,TA HURRICANE TRAVEL CENTER,"I-64, EXIT 39 & SR-34",Hurricane,WV,255,3.63233333
6986,LOVES TRAVEL STOP #448,"I-5, EXIT 136B, SR-509",Tacoma,WA,977,4.589
6986,LOVES TRAVEL STOPS #448,"I-5, EXIT 136B, SR-509",Tacoma,WA,977,4.589
6987,One9 #965,"I-90, EXIT 109 & US-97",Ellensburg                              ,WA,977,3.859
6987,One9 #965,"I-90, EXIT 109 & US-97",Ellensburg                              ,WA,977,3.839
6987,One9 #965,"I-90, EXIT 109 & US-97",Ellensburg                              ,WA,977,3.899
6992,FLYING J #1169,"I-5, EXIT 99",Tumwater,WA,977,4.599
6994,FLYING J FRANCHISE #967,"I-90, EXIT 286",Spokane,WA,970,4.059
6994,FLYING J FRANCHISE #967,"I-90, EXIT 286",Spokane,WA,970,3.999
6994,FLYING J FRANCHISE #967,"I-90, EXIT 286",Spokane,WA,970,4.029
6994,FLYING J FRANCHISE #967,"I-90, EXIT 286",Spokane,WA,970,4.159
6994,FLYING J FRANCHISE #967,"I-90, EXIT 286",Spokane,WA,970,3.929
6999,SIMMONS TRAVEL CENTER,"I-85, EXIT 4 & SR-93/SR-903",Bracey,VA,180,3.099
7003,TA ASHLAND TRAVEL CENTER,"I-95, EXIT 92 & SR-54",Ashland,VA,180,3.64233333
7004,FRANKS TRUCKING CENTER,"I-264, EXIT 13B",Chesapeake,VA,130,3.449
7005,PETRO STOPPING CENTER,"I-81 & I-64, EXIT 205",Raphine,VA,185,3.659
7007,KUM & GO #0201,"I-80, EXIT 242",Coralville,IA,380,3.294
7013,ERNIES TRUCK PLAZA,"I-15, EXIT 112",Beaver,UT,910,3.399
7016,TA SALT LAKE CITY TRAVEL CENTER,"I-80, EXIT 99",Tooele,UT,835,3.769
7018,FLYING J TRAVEL PLAZA #746,"I-15 & I-80 SR 201, EXIT 305",Salt Lake City,UT,835,3.73233333
7023,TA AMARILLO WEST TRAVEL CENTER,"I-40, EXIT 74",Amarillo,TX,585,3.279
7037,SAMS TRUCK STOP,"I-10, EXIT 138",Van Horn,TX,640,3.999
7045,BUBBLE CITY TRUCK STOP,US-64,Farmington,NM,614,3.70566666
7051,PILOT #887,US-84 & US-180,Snyder,TX,575,3.24566666
7056,TA SWEETWATER TRAVEL CENTER,"I-20, EXIT 242",Sweetwater,TX,575,3.15233333
7058,YESWAY #1125,"I-27, EXIT 1C",Lubbock,TX,700,2.969
7059,TA BIG SPRING TRAVEL CENTER,"I-20, EXIT 177 & US-87",Big Spring,TX,612,3.699
7064,SPEEDWAY #9804,"I-10, EXIT 25",El Paso,TX,640,3.41566666
7066,REFUEL #328,"I-35,  EXIT 204",San Marcos,TX,595,2.999
7072,TA ANTIOCH TRAVEL CENTER,"I-24, EXIT 62",Antioch,TN,460,3.50566666
7077,THE TENNESSEAN TRUCKSTOP,"I-65, EXIT 22 & US-31 ALT/SR-11",Cornersville,TN,460,3.799
7078,TA DENMARK TRAVEL CENTER,"I-40 & SR-138, EXIT 68",Denmark,TN,435,3.539
7080,ONE9 #1422,"I-40, EXIT 197",Moriarty,NM,580,3.11566666
7082,Chevron,"I-65, EXIT 6",Ardmore,TN,460,3.599
7084,Holiday StationStore #2746500,US-12 & US-281,Aberdeen,SD,248,3.114
7087,PILOT #599,"I-90, EXIT 192 & I-90 BUS/US-83",Murdo,SD,506,3.799
7088,FLYING J FRANCHISE #931,"I-90, EXIT 61",Rapid City,SD,506,3.15733333
7092,LOVES TRAVEL STOP #445,I-90 EXIT 399 & SR 115,Sioux Falls,SD,530,3.889
7095,TA MANNING TRAVEL CENTER,"I-95, EXIT 119",Manning,SC,135,3.51733333
7106,PILOT DEALER #1163,"I-80, EXIT 42",Emlenton,PA,165,4.03566666
7112,TA HARRISBURG TRAVEL CENTER,"I-81, EXIT 77 & SR-39",Harrisburg,PA,70,3.81566666
7116,TA MILESBURG TRAVEL CENTER,"I-80, EXIT 158",Milesburg,PA,14,4.049
7121,TA BLOOMSBURG TRAVEL CENTER,"I-80, EXIT 232",Bloomsburg,PA,138,3.95733333
7126,SAPP BROS TRAVEL CENTER,"I-80, EXIT 120",Clearfield,PA,14,3.899
7128,FLYING J #518,"I-78, EXIT 10 (PA 645)",Myerstown,PA,208,3.869
7129,TA BROOKVILLE TRAVEL CENTER,"I-80 EXIT 78, & SR-36",Brookville,PA,14,4.029
7131,TA BREEZEWOOD TRAVEL CENTER,"I-76 & US30, EXIT 161",Breezewood,PA,14,4.299
7132,Terrible Herbst dba/One9 #1395,"I-15, EXIT 12",Jean,NV,910,3.459
7135,PETRO STOPPING CENTER #336,"I-81, EXIT 52 & I-76, EXIT 226",Carlisle,PA,70,4.149
7136,TA LAMAR TRAVEL CENTER,"I-80, EXIT 173 & SR-64",Lamar,PA,14,4.03566666
7137,TA BARKEYVILLE TRAVEL CENTER,"I-80, EXIT 29 & SR-8",Harrisville,PA,165,4.044
7147,JUBITZ TRAVEL PLAZA,"I-5, EXIT 307",Portland,OR,935,3.859
7148,TA TROUTDALE TRAVEL CENTER,"I-84, EXIT 17",Troutdale,OR,935,3.93233333
7154,TA OKLAHOMA CITY WEST TRAVEL CENTER,"I-40, EXIT 140",Oklahoma City,OK,483,3.30233333
7156,TA OKLAHOMA CITY EAST TRAVEL CENTER,"I-40, EXIT 142",Oklahoma City,OK,483,3.30066666
7166,TA London Travel Center,"I-70 & US-42, EXIT 79",London,OH,315,3.49233333
7169,TA YOUNGSTOWN TRAVEL CENTER,"I-80 & SR 46, EXIT 223",Youngstown,OH,573,3.444
7170,TRUCK WORLD TRUCKSTOP,"I-80, EXIT 234",Hubbard,OH,573,3.259
7172,TA TOLEDO EAST TRAVEL CENTER,"I-80 & I-280, EXIT 71",Perrysburg,OH,550,3.78066666
7173,SPEEDWAY #9954,"SR-17, EXIT 66",Apalachin,NY,32,3.999
7173,SPEEDWAY #9954,"SR-17, EXIT 66",Apalachin,NY,32,4.099
7176,TA DAYTON TRAVEL CENTER,"I-70,  EXIT 10 & US-127",Eaton,OH,317,3.40066666
7179,JIMS TRUCK PLAZA,"I-90, EXIT 52E",Buffalo                                 ,NY,38,3.799
7179,JIMS TRUCK PLAZA,"I-90, EXIT 52E",Buffalo                                 ,NY,38,3.659
7180,TA HebronTravel Center,"I-70, EXIT 126 & SR-37",Hebron,OH,315,3.38233333
7183,TA KINGSVILLE TRAVEL CENTER,"I-90, EXIT 235 & SR-193",Kingsville,OH,305,3.88233333
7184,TA JEFFERSONVILLE EAST TRAVEL CENTER,"I-71, EXIT 65 & SR-435 & US-35",Jeffersonville,OH,315,3.32733333
7189,S and R Truck Plaza,"I-94, EXIT 260",Jamestown,ND,390,3.58566666
7190,Tower Travel Center,"I-94, EXIT 307",Tower City,ND,341,3.51566666
7196,SALUDA TRUCK PLAZA,"I-26, EXIT 28",Saluda                                  ,NC,210,3.099
7197,7-ELEVEN #35115,"I-90, EXIT 42",Phelps,NY,190,4.049
7197,7-ELEVEN #35115,"I-90, EXIT 42",Phelps,NY,190,4.019
7198,LOVES TRAVEL STOP #507,"I-85, EXIT 71",Salisbury,NC,46,3.51066666
7212,ONVO TRAVEL PLAZA,"I-90 & RTE 22, EXIT B-3",Canaan,NY,12,3.439
7212,ONVO TRAVEL PLAZA,"I-90 & RTE 22, EXIT B-3",Canaan,NY,12,3.399
7213,SENECA ONE STOP,"I-90, EXIT 58",Irving                                  ,NY,38,2.899
7213,SENECA ONE STOP,"I-90, EXIT 58",Irving                                  ,NY,38,2.999
7215,TA FULTONVILLE TRAVEL CENTER,"I-90, EXIT 28",Fultonville,NY,12,4.039
7216,ONVO TRAVEL PLAZA - LOUNSBERRY,"SR-17, EXIT 63",Nichols,NY,220,3.399
7216,ONVO TRAVEL PLAZA - LOUNSBERRY,"SR-17, EXIT 63",Nichols,NY,220,3.439
7220,CUMBERLAND FARMS #001662,US-9W/SR-32,Glenmont,NY,12,3.799
7220,CUMBERLAND FARMS #001662,US-9W/SR-32,Glenmont,NY,12,3.749
7222,TA SANTA ROSA TRAVEL CENTER,"I-40/US-54, EXIT 277 & US-84",Santa Rosa,NM,580,3.45233333
7225,LOVES TRAVEL STOP #329,US-60,Clovis,NM,593,4.089
7226,TA LAS CRUCES TRAVEL CENTER,"I-10, EXIT 139",Las Cruces,NM,640,3.14066666
7227,NATIONAL TRUCK STOP,"I-10, VADO EXIT 155",Vado                                    ,NM,640,2.999
7228,MAVERIK COUNTRY STORE #638,"I-40, EXIT 159D & I-25/US-85, EXIT 227",Albuquerque,NM,580,3.20733333
7229,TA GALLUP TRAVEL CENTER,"I-40, EXIT 16 & HWY 66",Gallup,NM,580,3.43233333
7230,DEMING TRUCK STOP,"I-10, EXIT 81",Deming,NM,640,2.899
7231,TA ALBUQUERQUE TRAVEL CENTER,"I-25, EXIT 227 OR 225",Albuquerque,NM,580,3.58733333
7234,TA BLOOMSBURY TRAVEL CENTER,"I-78/US-22, EXIT 7 & SR-173",Bloomsbury,NJ,115,3.79066666
7237,TA COLUMBIA TRAVEL CENTER,"I-80, EXIT 4 & SR-94",Columbia,NJ,115,4.099
7239,TA PAULSBORO TRAVELCENTER,"I-295, EXIT 18A",Paulsboro,NJ,150,3.999
7240,Pilot Travel Centers #190,"I-78, EXIT 12 & US-22",Hampton                                 ,NJ,105,3.809
7244,TA LAS VEGAS TRAVEL CENTER,"I-15, EXIT 33",Las Vegas,NV,910,3.73566666
7248,WILD WILD WEST TRAVEL PLAZA,"I-15, EXIT 37",Las Vegas,NV,910,3.76733333
7263,FLYING J #904,"I-80, EXIT 107",Big Springs,NE,475,3.48233333
7264,TA GRAND ISLAND WEST TRAVEL CENTER,"I-80, EXIT 305",Alda,NE,330,3.169
7265,Fast Stop Travel Centers #1151,"I-80, EXIT 164 & CR-56C",Hershey,NE,475,3.499
7267,TA OGALLALA TRAVEL CENTER,"I-80, EXIT 126",Ogallala,NE,475,3.46566666
7268,SAPP BROS TRAVEL CENTER,"I-80, EXIT 440 & SR-50, EXIT 440",Omaha,NE,486,3.28066666
7269,GRAND ISLAND TRAVEL CENTER,"I-80, EXIT 312 & US-281/US-34",Grand Island,NE,330,3.26566666
7282,ALLTOWN FRESH,"I-87, EXIT 17N & US-9",Fort Edward,NY,12,3.759
7282,ALLTOWN FRESH,"I-87, EXIT 17N & US-9",Fort Edward,NY,12,3.779
7284,MURALTS TRUCK PLAZA,"I-90, EXIT 96 & US-93/SR-200",Missoula,MT,820,3.609
7285,SENECA ONE STOP,"SR-17, EXIT 20",Salamanca                               ,NY,38,3.309
7286,TA MISSOULA,"I-90, EXIT 96 & US-93",Missoula,MT,820,3.699
7288,TA LAUREL,"I-90, EXIT 437",Laurel,MT,780,3.61233333
7289,TA STRAFFORD,"I-44, EXIT 88 & SR-125",Strafford,MO,535,3.36566666
7291,TA OAK GROVE TRAVEL CENTER,"I-70, EXIT 28",Oak Grove,MO,400,3.22233333
7293,TA Matthews Travel Center,"I-55, EXIT 58 & SR-80",Matthews,MO,574,3.20566666
7299,GASPERS - FAST LANE,"I-70, EXIT 148 & US-54",Kingdom City,MO,392,2.959
7300,B AND D AUTO TRUCK PLAZA,"I-44, EXIT 127",Lebanon,MO,416,3.099
7310,AAA HOSPITALITY,"I-55, EXIT 220",Tillatoba,MS,435,2.784
7312,208 FUEL PLAZA,"I-70, EXIT 208",Belmont,OH,430,3.419
7314,TA MERIDIAN TRAVEL CENTER,"I-20 & I-59, EXIT 160",Meridian,MS,705,2.91233333
7323,TRUCKERS INN,"I-94/US-52, EXIT 127 & US-71",Sauk Centre,MN,453,3.22566666
7326,PETRO STOP #398,"I-35 & I-90, EXIT 11",Albert Lea,MN,515,4.099
7327,TA TEKONSHA,"I-69,EXIT 25 & SR-60",Tekonsha,MI,385,3.599
7327,TA TEKONSHA,"I-69,EXIT 25 & SR-60",Tekonsha,MI,385,3.699
7327,TA TEKONSHA,"I-69,EXIT 25 & SR-60",Tekonsha,MI,385,3.589
7331,SPEEDWAY #9266,US-52 & SR-234,Ironton,OH,255,3.699
7332,FLYING J #895,"I-75, EXIT 32A",Trenton,MI,325,3.559
7332,FLYING J #895,"I-75, EXIT 32A",Trenton,MI,325,3.299
7332,FLYING J #895,"I-75, EXIT 32A",Trenton,MI,325,3.249
7332,FLYING J #895,"I-75, EXIT 32A",Trenton,MI,325,3.349
7332,FLYING J #895,"I-75, EXIT 32A",Trenton,MI,325,3.439
7335,TA SAWYER TRAVEL CENTER,"I-94, EXIT 12",Sawyer,MI,465,3.699
7335,TA SAWYER TRAVEL CENTER,"I-94, EXIT 12",Sawyer,MI,465,3.689
7337,TA BATTLE CREEK,"I-94, EXIT 104",Battle Creek,MI,385,4.039
7337,TA BATTLE CREEK,"I-94, EXIT 104",Battle Creek,MI,385,3.999
7337,TA BATTLE CREEK,"I-94, EXIT 104",Battle Creek,MI,385,3.979
7337,TA BATTLE CREEK,"I-94, EXIT 104",Battle Creek,MI,385,3.989
7341,INTERSTATE TRAVEL PLAZA,"I-495, EXIT 14A & US-1",Wrentham,MA,175,3.699
7344,BEST QUICK STOP,US-1,Peabody,MA,178,3.61566666
7353,DYSARTS SERVICE,"I-95, EXIT 44",Bangor,ME,26,3.799
7354,CIRCLE K #4707065,"I-95, EXIT 2",Kittery,ME,125,3.899
7357,TA SLIDELL TRAVEL CENTER,"I-10, EXIT 266 & US-190",Slidell,LA,725,3.154
7360,KINGS TRUCK STOP,ST 103,Port Barre                              ,LA,600,3.189
7364,Petro Stopping Center,"I-80, EXIT 226",Girard,OH,573,3.45233333
7370,TA SMITHS GROVE,"I-65, EXIT 38 & SR-101",Smiths Grove,KY,415,3.43233333
7371,One9 #392,"I-65, EXIT 81 & SR-84",Sonora,KY,415,3.19566666
7372,TA WALTON #28,"I-75/I-71, EXIT 175 & SR-338",Walton,KY,300,3.00233333
7379,KEYSTOP TRAVEL CENTER,"I-65, EXIT 2 & US-31W",Franklin,KY,460,2.899
7382,TA FLORENCE TRAVEL CENTER,"I-75, EXIT 181",Florence,KY,300,3.07066666
7385,WAKEENEY 24 7 STORE #3,"I-70/US-40, EXIT 127 & US-283",Wakeeney,KS,525,3.09066666
7387,TA Oakley,"I-70, EXIT 76 & US-40/US-83",Oakley,KS,525,3.649
7389,GO MART FOOD STORE #58,"I-77, EXIT 1 & SR-7",Marietta,OH,430,3.799
7396,7-ELEVEN #36180,US-20/SR-18,Monroeville,OH,550,3.614
7398,FLYING J #913,"I-80, EXIT 142 & US-65",Altoona                                 ,IA,320,3.35566666
7398,FLYING J TRAVEL PLAZA #913,"I-80, EXIT 142 & US-65",Altoona                                 ,IA,320,3.34233333
7403,FUEL MART #714,"I-75, EXIT 168",North Baltimore                         ,OH,550,3.11233333
7406,PILOT TRAVEL CENTER #594,"I-29, EXIT 143",Sioux City,IA,527,3.60566666
7406,PILOT #594,"I-29, EXIT 143",Sioux City,IA,527,3.699
7407,TA IOWA 80 TRAVEL PLAZA,"I-80, EXIT 284",Walcott,IA,270,3.90233333
7408,FRIENDSHIP FOOD MART #99,US-224 & SR-61/SR-598,Willard,OH,249,3.63233333
7410,PILOT TRAVEL CENTERS #373,"I-35 & I-80, EXIT 126",Urbandale                               ,IA,320,3.35566666
7410,PILOT TRAVEL CENTER #373,"I-35 & I-80, EXIT 126",Urbandale                               ,IA,320,3.34233333
7412,PETRO STOPPING CENTER #374,"I-69, EXIT 245 & SR-28",Gaston,IN,457,3.53566666
7416,GOOD TO GO #40,"I-65, EXIT 215 & SR-114",Rensselaer,IN,290,3.20066666
7417,SKY CITGO,US-30 & SR-23,Grovertown,IN,365,3.499
7418,JJS TRAVEL PLAZA,US-31 & US-24,Peru,IN,370,3.444
7421,MIDLAND #1901,"I-70, EXIT 137 AT MILE 137",Cambridge City,IN,375,3.43233333
7425,Petro Brazil,"I-70,  EXIT 23",Brazil,IN,375,3.989
7429,TA CLAYTON,"I-70, EXIT 59 & SR-39",Clayton,IN,375,3.939
7435,PETRO STOPPING CENTER #375,"I-65, EXIT 201 & US-231/US-24",Remington,IN,365,3.699
7436,TA WHITESTOWN,"I-65/US-52, EXIT 130",Whitestown,IN,375,3.57066666
7437,PETRO STOPPING CENTER #379,"I-74,  EXIT 143",Greensburg,IN,375,3.999
7457,TA EFFINGHAM TRAVEL CENTER,"I-57 & I-70, EXIT 160",Effingham,IL,574,3.349
7457,TA EFFINGHAM TRAVEL CENTER,"I-57 & I-70, EXIT 160",Effingham,IL,574,3.399
7457,TA EFFINGHAM TRAVEL CENTER,"I-57 & I-70, EXIT 160",Effingham,IL,574,3.439
7457,TA EFFINGHAM TRAVEL CENTER,"I-57 & I-70, EXIT 160",Effingham,IL,574,3.549
7459,TA Morris Travel Center,"I-80, EXIT 112 & SR-47",Morris,IL,290,3.849
7466,PILOT #595,"I-57, EXIT 54B & SR-13",Marion,IL,540,3.759
7466,PILOT TRAVEL CENTER #595,"I-57, EXIT 54B & SR-13",Marion,IL,540,3.759
7469,PILOT TRAVEL CENTERS #313,"I-70/I-55, EXIT 4 & SR-203",East Saint Louis,IL,540,3.439
7469,PILOT TRAVEL CENTER #313,"I-70/I-55, EXIT 4 & SR-203",East Saint Louis,IL,540,3.699
7469,PILOT TRAVEL CENTER #313,"I-70/I-55, EXIT 4 & SR-203",East Saint Louis,IL,540,3.579
7469,PILOT TRAVEL CENTER #313,"I-70/I-55, EXIT 4 & SR-203",East Saint Louis,IL,540,3.379
7471,ROAD RANGER #185,"I-55, EXIT 145 & US-136",Mc Lean,IL,280,3.349
7471,ROAD RANGER #185,"I-55, EXIT 145 & US-136",Mc Lean,IL,280,3.449
7482,TA BOISE TRAVEL CENTER,"I-84, EXIT 54",Boise,ID,785,3.77066666
7492,Mobil dba One9 #1365,"I-85, EXIT 70",Cusseta,AL,720,2.999
7492,One9 #1365,"I-85, EXIT 70",Cusseta,AL,720,2.999
7495,RACETRAC #2574,"I-75, EXIT 237, SR-331 & US-41",Forest Park,GA,18,3.109
7504,TEXACO,"I-75, EXIT 306 & SR-140",Adairsville,GA,193,3.10566666
7506,CHAPMANS TRUCK STOP,"I-85 & SR-219, EXIT 13",Lagrange,GA,50,3.91566666
7523,EXPRESS STOP FOOD STORE #4644,"I-75, EXIT 181",Pinconning,MI,260,3.639
7533,TA WILDWOOD TRAVEL CENTER,"I-75, EXIT 329 & SR-44",Wildwood,FL,225,3.214
7534,TA BALDWIN TRAVEL CENTER,"I-10, EXIT 343 & US-301",Jacksonville,FL,75,3.899
7535,GIANT #198,"I-4/SR-400, EXIT 7 & US-301/SR-41",Tampa,FL,225,3.25733333
7543,TA NEW HAVEN TRAVEL CENTER,"I-95, EXIT 56",Branford,CT,100,5.069
7545,CITGO,"I-95, EXIT 40",Milford,CT,100,3.399
7546,SHELL DBA PILOT DEALER #882,"I-95, EXIT 93 & SR-216",North Stonington,CT,73,4.299
7546,PILOT TRAVEL CENTERS #882,"I-95, EXIT 93 & SR-216",North Stonington,CT,73,4.299
7551,PWI #525,"I-70, EXIT 295",Watkins,CO,800,3.139
7552,TA DENVER WEST TRAVEL CENTER,"I-70, EXIT 266",Wheat Ridge,CO,800,3.41566666
7553,BRUSH TRAVEL PLAZA,"I-76, EXIT 90B & SR-71",Brush,CO,800,3.699
7574,108 FOOD AND FUEL,"I-40, EXIT 108 & US-66/US-281 BUS",Calumet,OK,483,3.13566666
7611,LOVES TRAVEL STOP #167,"I-44, EXIT 83",Chickasha                               ,OK,483,3.16566666
7615,HOPI TRAVEL PLAZA CONOCO DBA ONE9 #1270,"I-40, EXIT 292",Holbrook,AZ,930,3.139
7615,HOPI TRAVEL PLAZA,"I-40, EXIT 292",Holbrook,AZ,930,3.219
7617,TUCSON TRUCK TERMINAL,"I-10, EXIT 268",Tucson,AZ,980,3.22233333
7622,COPAN TRUCK STOP,US-75,Copan                                   ,OK,307,3.119
7624,WILLCOX TRUCK PLAZA,"I-10, EXIT 340",Willcox,AZ,980,3.34066666
7625,LOVES TRAVEL STOP #248,"I-40, EXIT 71",Clinton,OK,483,3.17233333
7627,DAVIS TRADING POST,"I-35, EXIT 55",Davis                                   ,OK,569,2.979
7629,ARNOLDS TRUCK STOP,US-72/SR-20/SR-157 & CR-59,Tuscumbia                               ,AL,615,3.169
7635,TA MONTGOMERY TRAVEL CENTER,"I-65, EXIT 168 & US-80/US-82/SR-6/SR-8",Montgomery,AL,720,3.25233333
7636,PILOT TRAVEL CENTER #76,"I-20 & I-59, EXIT 76",Tuscaloosa,AL,615,2.999
7636,PILOT TRAVEL CENTERS #76,"I-20 & I-59, EXIT 76",Tuscaloosa,AL,615,3.099
7655,LOVES TRAVEL STOP #253,I-40 EXIT 7 & SR 30,Erick,OK,483,3.20566666
7705,FLYING J TRAVEL PLAZA #610,"I-40, EXIT 53",Kingman,AZ,910,3.88233333
7708,PILOT TRAVEL CENTER #352,"I-75, EXIT 139",Fort Myers                              ,FL,225,3.799
7708,PILOT TRAVEL CENTERS #352,"I-75, EXIT 139",Fort Myers                              ,FL,225,3.799
7715,LONDON AUTO TRUCK CENTER,"I-75, EXIT 41 & SR-80",London,KY,405,3.399
7718,MR FUEL #717,"I-44, EXIT 251",Villa Ridge,MO,540,3.01566666
7719,FLYING J TRAVEL PLAZA #674,"I-70, EXIT 188",Warrenton,MO,540,3.11566666
7721,TRAIL STAR TRUCK STOP,"ST 16, EXIT 213",Glendive,MT,807,3.459
7722,SAPP BROS TRAVEL CENTER,"I-80, EXIT 353 & US-81",York,NE,330,3.324
7724,FUEL MART #767,US-6 & US-23,Bradner,OH,550,3.40733333
7725,BELL STORES #48,US-30 & SR-94,Dalton,OH,249,3.38566666
7733,FLYING J TRAVEL PLAZA #723,"I-40, EXIT 76",Amarillo,TX,585,3.26566666
7746,PILOT TRAVEL CENTER #888,"I-27, EXIT 74",Tulia,TX,585,3.34066666
7753,LOVES TRAVEL STOP #166,SR-351,Muskogee,OK,560,3.33733333
7767,FLYING J TRAVEL PLAZA #759,"I-25, EXIT 7",Cheyenne,WY,795,3.709
7768,BIG D #30,"I-25/US-87, EXIT 9 & I-80, EXIT 359C & I-80 BUS/US-30",Cheyenne,WY,795,3.204
7792,FLYING J TRAVEL PLAZA #630,"I-75/SR-401, EXIT 201 & SR-36",Jackson,GA,67,3.384
7798,CIRCLE K #2745100,"I-95, EXIT 7",Woodbine,GA,75,3.23233333
7825,PILOT TRAVEL CENTERS #356,"I-65, EXIT 121",Shepherdsville,KY,415,3.609
7838,PILOT #581,"US-52/SR-55, & 117TH ST, MM300",Inver Grove Heights,MN,515,3.579
7871,STRIPES 7FLEET #42454,"US-60, US-70 & US-84",Texico,NM,700,3.829
7873,One9 #387,"I-80, EXIT 280 & SR- 278",Carlin                                  ,NV,835,3.439
7886,PETRO STOPPING CENTER #357,"I-70, EXIT 156B & US-40",New Paris,OH,317,3.48733333
7930,I 24 TRUCK PLAZA,"I-24, EXIT 114 & US-41",Manchester,TN,460,3.099
7946,PILOT TRAVEL CENTERS #289,"I-90/I-39, EXIT 158 & I-43/SR-81, EXIT 1",Beloit                                  ,WI,520,3.799
7959,SPF #45,"I-25/US-87, EXIT 7 & US-212",Cheyenne,WY,795,3.22566666
8840,LOVES TRAVEL STOP #211,"I-35, EXIT 120",Oklahoma City,OK,483,3.25566666
8895,PAULS VALLEY TRAVEL CENTER,"I-35, EXIT 72  & SR-19",Pauls Valley,OK,569,2.999
8927,LOVES TRAVEL STOP #219,"I-40, EXIT 200",Seminole,OK,560,3.36233333
8936,CIRCLE K #107,US-220 & CR-902,Ridgeway,VA,65,3.399
8948,PARK N PUMP CIRCLE C,"I-15, EXIT 222",Nephi,UT,835,3.449
8961,FLYING J TRAVEL PLAZA #736,"I-20, EXIT 42 & US-285",Pecos,TX,710,3.46566666
8977,LOVES TRAVEL STOP #168,"I-44, EXIT 20",Walters                                 ,OK,253,3.194
8987,LOVES TRAVEL STOP #255,"I-40, EXIT 287 & SR-100",Webbers Falls,OK,645,3.789
9160,PILOT TRAVEL CENTERS #912,"I-80, EXIT 300 & SR-40D",Wood River,NE,330,3.28233333
9161,TREXLER PLAZA TRUCK STOP,I-78/US-22,Allentown,PA,160,3.63233333
9206,CIRCLE K #4707005,US-2 & SR-4,Farmington,ME,170,3.899
9216,309 TRUCK STOP,SR-309,Coopersburg                             ,PA,90,3.759
9241,7-ELEVEN #40286,"I-76,  EXIT 23/312",Elverson,PA,160,3.889
9280,ONVO TRAVEL PLAZA - LAKEWOOD,"I-84, EXIT 20 & SR-507",Greentown,PA,200,3.54566666
9289,ONVO EXPRESS,"I-81, EXIT 217 & SR-547",Harford,PA,200,3.609
9340,LANCASTER TRAVEL PLAZA,US-30,Ronks,PA,208,3.899
9354,BFS FOODS TRUCK PLAZA,"I-79, EXIT 1",Mount Morris,PA,165,4.499
9365,FLYING J TRAVEL PLAZA #713,"I-95, EXIT 181",Latta,SC,63,3.349
9381,SCOTT FUEL TRAVEL PLAZA,"I-81, EXIT 199",Dalton                                  ,PA,200,3.599
9382,PILOT TRAVEL CENTERS #286,"I-70, EXIT 10 & SR-127",Eaton,OH,317,3.46233333
9383,PILOT TRAVEL CENTERS #285,"I-70, EXIT 126 & SR-37",Hebron,OH,315,3.44566666
9386,PETRO STOPPING CENTER #325,"I-75,  EXIT 167",North Baltimore,OH,550,3.27066666
9403,PILOT TRAVEL CENTERS #280,"I-78, EXIT 7 & SR-173",Bloomsbury                              ,NJ,105,3.809
9415,7-ELEVEN #40287,"I-76, EXIT 24A/326",Wayne,PA,160,3.889
9423,PETRO STOPPING CENTER #318,"I-70, EXIT 148",Kingdom City,MO,540,3.05733333
9449,CORNER PANTRY #127,"I-26, EXIT 115 & US-321",West Columbia,SC,135,3.41233333
9451,TA BETO JUNCTION TRAVEL CENTER,"I-35, EXIT 155 & US-75",Lebo,KS,336,3.23066666
9467,TA PORTER TRAVEL CENTERS,"I-94, EXIT 22B & US-20",Chesterton,IN,365,3.849
9468,TA LAKE STATION,"I-80 & I-94, EXIT 15B",Lake Station,IN,365,3.849
9469,TA EXPRESS COWPENS #477,"I-85, EXIT 83 & SR-110",Cowpens,SC,210,3.399
9485,PILOT TRAVEL CENTER #4559,"I-20, EXIT 26",Villa Rica,GA,18,3.389
9485,PILOT #4559,"I-20, EXIT 26",Villa Rica,GA,18,3.449
9513,CIRCLE K #2705350,"I-20, EXIT 5 & US-25",North Augusta,SC,135,3.159
9525,SCOTCHMAN #3891,"I-77, EXIT 65 & SR-9",Richburg,SC,46,3.109
9528,GO MART FOOD STORE #43,"I-64, EXIT 39 & SR-34",Teays,WV,44,3.499
9542,SPINX #266,"I-26, EXIT 104",Columbia,SC,135,3.13233333
9550,Mauston Interstate BP,"I-90/I-94, EXIT 69 & SR-82",Mauston,WI,420,3.22733333
9553,LYNDON STATION BP,I-90 & 94 EXIT 79,Lyndon Station,WI,420,3.177
9554,BIG D OIL #2,US-85 & US-34,Belle Fourche                           ,SD,506,3.22733333
9614,DITTYS,"I-90, EXIT 284 & SR-45",Kimball,SD,455,3.089
9618,FLYING J #477,US-75,Anna,TX,630,3.239
9638,PILOT TRAVEL CENTERS #62,"I-95, EXIT 170 & SR-327",Florence,SC,46,3.349
9668,COFFEE CUP FUEL STOP #4,"I-90, EXIT 310 & SR-281",Plankinton                              ,SD,455,3.02733333
9675,FLYING J TRAVEL PLAZA #722,"I-75 & I-40, EXIT 369",Knoxville,TN,405,3.439
9699,SPEEDWAY #9400,US-30/US-62 & SR-297,Canton,OH,249,3.369
9703,PILOT TRAVEL CENTERS #2,"I-90, EXIT 223 & SR-45",Austinburg                              ,OH,305,3.859
9712,TA GREENSBORO TRAVEL CENTER,"I-40 & I-85, EXIT 138 & SR-61",Whitsett,NC,65,3.99733333
9713,TA Express Vermillion #275,"I-29, EXIT 26 & SR-50",Burbank,SD,572,3.099
9717,COFFEE CUP FUEL STOP #8,"I-90, EXIT 212 & SR-83",Vivian                                  ,SD,455,3.09733333
9724,One9 #1339,"I-81,  EXIT 34",Parish,NY,190,3.799
9746,TA MILL CITY TRAVEL CENTER,"I-80, EXIT 151",Imlay,NV,966,3.794
9747,GOOD TO GO TRAVEL CENTER,"I-80, EXIT 353 & US-81",York,NE,350,3.31733333
9763,DELUXE TRUCK STOP,SR-759,Saint Joseph,MO,400,3.149
9783,KANGAROO CROSSING #1101,"I-55, EXIT 144",Pickens                                 ,MS,705,3.099
9803,TA KNOXVILLE WEST TRAVEL CENTER,"I-40 & I-75, EXIT 369",Knoxville,TN,405,3.42566666
9808,TA ANN ARBOR TRAVEL CENTER,"I-94, EXIT 167",Dexter,MI,325,3.699
9808,TA ANN ARBOR TRAVEL CENTER,"I-94, EXIT 167",Dexter,MI,325,3.499
9808,TA ANN ARBOR TRAVEL CENTER,"I-94, EXIT 167",Dexter,MI,325,3.649
9808,TA ANN ARBOR TRAVEL CENTER,"I-94, EXIT 167",Dexter,MI,325,3.629
9812,LEES FOOD MART #1398,"I-40, EXIT 398",Knoxville,TN,405,3.299
9818,CIRCLE K #4707002,"I-95, EXIT 157",Newport,ME,170,3.899
9821,PILOT TRAVEL CENTERS #52,"I-24, EXIT 64",La Vergne                               ,TN,460,3.47233333
9842,Petes #03,US-59 & US-54,Moran,KS,336,3.26566666
9843,MAPLE HILL TRUCK STOP,"I-70, EXIT 341",Maple Hill,KS,553,3.05233333
9851,KWIK STOP #86,US-151/US-52/US-61,Dubuque                                 ,IA,335,3.489
9855,PILOT TRAVEL CENTER #37,"I-65, EXIT 95",Whiteland,IN,375,3.959
9855,PILOT TRAVEL CENTERS #37,"I-65, EXIT 95",Whiteland,IN,375,3.959
9860,PARADISE AUTO TRUCK PLAZA,US-31,Rochester,IN,370,3.40566666
9862,PILOT TRAVEL CENTER #271,"I-80, EXIT 6",Gary,IN,365,3.829
9862,PILOT TRAVEL CENTERS #271,"I-80, EXIT 6",Gary,IN,365,3.799
9887,7-ELEVEN #40354,"I-95, EXIT 173",Palm Bay,FL,140,3.21566666
9941,FLYING J TRAVEL PLAZA #609,"I-10, EXIT 208-A",Eloy,AZ,930,3.45233333
9945,CIRCLE K #2706690,"I-85/US-29, EXIT 62 & US-280/US-431/SR-38/SR-1",Opelika,AL,50,2.999
9959,FLYING J #876,"I-95, EXIT 104",Ruther Glen,VA,180,3.619
9962,STRIPES #40673,"I-45, EXIT 179",Mcallen,TX,639,3.289
9971,TA DANSVILLE TRAVEL CENTER,"I-390 & COMMERCE, EXIT 5",Dansville,NY,190,4.499
9973,BOLLA MARKET,"I-287, EXIT 66",Mahwah,NJ,115,3.53233333
9990,JIMS  BEST STOP,US-45 & US-64,Selmer,TN,435,3.174
9995,LOVES TRAVEL STOP #411,"I-35 & I-80, EXIT 125 & US-6",Clive,IA,320,3.34066666
9997,Circle K #2723687,"I-20, EXIT 11 & US-27/SR-1",Bremen,GA,193,3.08733333
10006,FLINT HILLS FUEL MART,US-50 & US-77,Florence,KS,336,3.499
10007,CIRCLE K #2705346,SR-307,Savannah,GA,195,3.03233333
10014,Sudden Service #6604,"I-40, EXIT 212",Nashville,TN,460,3.399
10015,Loves Travel Stop #429,"I-65 & I-24, EXIT 87",Nashville,TN,460,3.46233333
10020,Maplefields,"US-4, EXIT 2 & SR-22A",Fair Haven,VT,39,3.599
10024,MILLERS TRAVEL CENTER,US-6 & US-50,Wellington,UT,835,3.659
10028,GOOD TO GO #10,US-35,Winamac,IN,290,3.914
10030,LOVES TRAVEL STOP #715,I-77 EXIT 58 & SR-666 & US-52,Bastian,VA,185,3.59733333
10033,SHELL,"I-95, EXIT 133 & US-17 BUS",Fredericksburg,VA,180,3.25566666
10047,TOWN PUMP FOOD STORE #8929,"I-15, EXIT 339",Conrad                                  ,MT,815,3.599
10053,BECKS #27,"I-39/US-51, EXIT 72 & US-34",Mendota,IL,270,3.269
10057,Flying J Travel Plaza #649,"I-465, EXIT 4",Indianapolis,IN,375,3.899
10057,Flying J TravelPlaza #649,"I-465, EXIT 4",Indianapolis,IN,375,3.899
10058,CITGO,US-431/SR-1 & SR-27,Abbeville                               ,AL,10,3.399
10065,ROAD MART,US-71/US-59,Ashdown,AR,723,3.299
10077,FLYING J TRAVEL PLAZA #607,"I-55, EXIT 4 & I-40, EXIT 280",West Memphis,AR,435,3.15066666
10085,EL CENTRO TRAVEL CENTER,"I-8, EXIT 115 & SR-86",El Centro                               ,CA,900,4.499
10101,PILOT TRAVEL CENTERS #65,"I-20, EXIT 194",Augusta                                 ,GA,135,3.859
10101,PILOT TRAVEL CENTER #65,"I-20, EXIT 194",Augusta                                 ,GA,135,3.859
10104,GEO H GREEN OIL,"I-85/SR-403, EXIT 41 & US-27 ALT",Newnan,GA,18,3.199
10109,GIT N GO CONVENIENCE STORE #34,"US-30, EXIT 185 & SR-14",Marshalltown,IA,320,3.119
10110,JACKSON'S FOODS DBA ONE9 #1427,"I-84, EXIT 36",Nampa,ID,785,3.37066666
10116,Petro Stopping Center #359,"I-39/US-51, EXIT 99 & SR-38",Rochelle,IL,520,3.759
10122,LOVES TRAVEL STOP #417,"I-80 & I-94, EXIT 9A",Gary,IN,365,3.809
10126,PILOT TRAVEL CENTERS #152,"I-65, EXIT 16 & MEMPHIS RD",Memphis,IN,415,3.959
10126,PILOT TRAVEL CENTER #152,"I-65, EXIT 16 & MEMPHIS RD",Memphis,IN,415,3.959
10128,PETES #20,US-54/SR-7 & US-69,Fort Scott,KS,307,3.199
10135,YESWAY #1116,"I-35, EXIT 60",Mcpherson,KS,434,3.259
10142,PILOT TRAVEL CENTERS #438,"I-65, EXIT 6 & SR-100",Franklin,KY,415,3.169
10144,PILOT TRAVEL CENTERS #358,"I-24 & US-305, EXIT 3",Paducah,KY,490,3.699
10146,PILOT TRAVEL CENTERS #437,"I-75, EXIT 11 & SR-92",Williamsburg,KY,410,3.609
10150,PILOT TRAVEL CENTERS #300,"I-12, EXIT 40",Hammond,LA,725,3.23233333
10154,I 49 TRUCK STOP,"I-49, EXIT 23 & US-167",Opelousas                               ,LA,600,3.199
10157,J AND  H OIL,"US-131, EXIT 72",Byron Center,MI,344,3.599
10157,J AND  H OIL,"US-131, EXIT 72",Byron Center,MI,344,3.499
10161,SPEEDWAY #8740,"I-69, EXIT 87",Dewitt,MI,342,3.759
10161,SPEEDWAY #8740,"I-69, EXIT 87",Dewitt,MI,342,3.599
10168,Express Stop,"I-94, EXIT 145",Jackson                                 ,MI,385,3.589
10172,EXPRESS STOP FOOD STORE #4647,"I-75, EXIT 151 & SR- 81",Saginaw,MI,260,3.399
10181,QUIKTRIP #611,I-55 EXIT 178,Herculaneum,MO,540,2.99066666
10184,CIRCLE K #2721544,"I-55, EXIT 243 & US-278/SR-6",Batesville,MS,435,3.309
10192,INTERSTATE STATION #8,"I-55, EXIT 78                 ",Natchez                                 ,MS,760,3.399
20000,BIG BOYS TRUCK STOP,"I-95, EXIT 105",Kenly,NC,205,3.299
20003,PILOT #7976,"I-77, EXIT 42",Troutman,NC,46,3.659
20006,CENEX C STORE,US-52,Kenmare,ND,452,3.46733333
20009,BIG SPRINGS TRUCK AND TRAVEL,"I-80, EXIT 107",Big Springs,NE,475,3.074
20011,CUBBYS #111,US-81,Norfolk,NE,470,3.209
20012,FLYING J TRAVEL PLAZA #686,"I-80, EXIT 432",Gretna,NE,319,3.28233333
20014,SIMONS EXIT 16,"I-89, EXIT 16",Enfield                                 ,NH,39,3.499
20019,SUNOCO,"I-295, EXIT 2C & SR-140",Penns Grove,NJ,150,3.459
20024,LOVES TRAVEL STOP #259,"I-10 & AIRPORT RD, EXIT 132",Las Cruces,NM,640,3.214
20027,LOVES TRAVEL STOP #262,"I-40, EXIT 333",Tucumcari,NM,585,3.889
20028,MORTONS TRUCK STOP,"I-15, EXIT 46",North Las Vegas,NV,910,3.399
20031,FLYING J TRAVEL PLAZA #770,"I-80, EXIT 176",Winnemucca                              ,NV,966,3.77733333
20033,LOVES TRAVEL STOP #772,"I-86 & SR-17, EXIT 37",Bath,NY,190,4.489
20036,SMOKIN JOES,I-90 EXIT 24,Sanborn                                 ,NY,38,3.699
20042,FLYING J TRAVEL PLAZA #700,I-80 & I-90 EXIT 71,Perrysburg,OH,550,3.759
20043,FRIENDSHIP FOOD MART #70,SR-2 & SR-53,Port Clinton,OH,550,3.939
20045,PILOT TRAVEL CENTERS #281,"I-80, EXIT 226",Girard,OH,573,3.45233333
20049,LOVES TRAVEL STOP #263,"I-44, EXIT 45 & SR-49",Lawton,OK,569,3.21733333
20050,LOVES TRAVEL STOP #260,"I-35, EXIT 106 & SR-9 W",Norman,OK,483,3.254
20054,Jacksons Food Stores,"I-84, EXIT 261",La Grande,OR,925,3.687
20062,PILOT TRAVEL CENTERS #298,"I-80, EXIT 256 & SR-93",Drums,PA,200,3.97566666
20066,KWIK FILL #228,"I-90, EXIT 45 & US-20",North East,PA,240,4.089
20070,ONVO TRAVEL PLAZA - PROMISED LAND,"I-84, EXIT 26 & SR-390",Tafton,PA,200,3.54566666
20072,PILOT TRAVEL CENTERS #310,"I-85, EXIT 63 & SR-290",Duncan,SC,210,3.43233333
20079,PETRO KINGSTON SPRINGS #349,"I-40, EXIT 188",Kingston Springs,TN,460,3.23233333
20082,GOLDEN EXPRESS TRUCK STOP,US-287/US-81 & CR-1595,Alvord,TX,637,3.049
20083,FLYING J TRAVEL PLAZA #724,"I-10, EXIT 0",Anthony                                 ,TX,640,3.459
20086,LOVES TRAVEL STOP #609,"I-35, EXIT 471 & US-77",Denton,TX,630,3.24733333
20105,CEFCO #1050,"I-30, EXIT 146 & US-37",Mount Vernon,TX,723,2.94233333
20108,TEX-BEST #501,"I-37, EXIT 125",Elmendorf                               ,TX,740,2.949
20109,PILOT TRAVEL CENTERS #306,"I-10, EXIT 582",San Antonio                             ,TX,740,3.214
20114,CROSSROADS,"I-10, EXIT 829 & SR-124",Winnie                                  ,TX,610,4.249
20118,KWIK TRIP #648,"I-94, EXIT 116 & SR-54",Black River Falls,WI,395,3.23733333
20119,FREMONT CITGO,US-10 & SR-110,Fremont,WI,444,3.399
20121,GO MART FOOD STORE #50,"I-77/I-64, EXIT 44 & SR-3",Beckley,WV,44,3.599
20129,FLYING J #848- ROAD KING TRUCK,"HIGHWAY 2, EXIT 251",Calgary,AB,50,4.39722401
20129,FLYING J #848- ROAD KING TRUCK,"HIGHWAY 2, EXIT 251",Calgary,AB,50,4.39948962
20129,FLYING J #848- ROAD KING TRUCK,"HIGHWAY 2, EXIT 251",Calgary,AB,50,4.40695023
20129,FLYING J #848- ROAD KING TRUCK,"HIGHWAY 2, EXIT 251",Calgary,AB,50,4.39625375
20129,FLYING J #848- ROAD KING TRUCK,"HIGHWAY 2, EXIT 251",Calgary,AB,50,4.40630048
20129,FLYING J #848- ROAD KING TRUCK,"HIGHWAY 2, EXIT 251",Calgary,AB,50,4.3981947
44228,I-69 TRUCKSTOP TRAVEL CENTER,"I-69, EXIT 184 & SR-19",Memphis,MI,342,3.599
44228,I-69 TRUCKSTOP TRAVEL CENTER,"I-69, EXIT 184 & SR-19",Memphis,MI,342,3.499
44228,I-69 TRUCKSTOP TRAVEL CENTER,"I-69, EXIT 184 & SR-19",Memphis,MI,342,3.549
52040,REBEL TRUCK STOP,"I-5, EXIT 27",Kalama,WA,935,4.499
52048,PILOT TRAVEL CENTERS #302,"I-10, EXIT 13 & CR-30",Theodore,AL,715,3.199
52048,PILOT TRAVEL CENTER #302,"I-10, EXIT 13 & CR-30",Theodore,AL,715,3.159
52052,EXPRESSWAY MOBIL,US-63 & US-167,El Dorado,AR,635,3.599
52065,76 DBA ONE9 #1415,"I-75, EXIT 49",Lake Panasoffkee,FL,225,3.17233333
52067,PETRO STOPPING CENTER #322,"I-285, EXIT 12",Atlanta,GA,18,3.44566666
52070,FRIENDLY EXPRESS #31,US-1 & US-301,Folkston,GA,75,3.099
52081,MCCLURE OIL #9,US-31 & SR-18,Kokomo,IN,375,3.839
52085,RUSSELL 24/7,"I-70, EXIT 184",Russell,KS,357,3.00733333
52088,CASEYS #4459,"I-64, EXIT 265",Mayfield,KY,490,3.249
52089,SHELL,US-84 & SR-28,Jonesville,LA,719,3.399
52090,SHOP A LOTT #10,"I-49, EXIT 138 & SR-6",Natchitoches                            ,LA,766,3.12566666
52099,BEACON & BRIDGE #7,"I-75, EXIT 126",Mount Morris,MI,342,3.379
52103,SPRINT MART #27,US-45 & US-72,Corinth,MS,435,3.05566666
52104,BLUE SKY #734,SR-1,Saltillo                                ,MS,435,3.08233333
52106,FLYING J TRAVEL PLAZA #923 -TOWN PUMP,"I-90, EXIT 455",Billings                                ,MT,780,3.58066666
52107,PILOT #7983,"I-85,  EXIT 71",Salisbury,NC,46,3.499
52112,SROKAS SERVICE CENTER,SR-149,Fort Ann,NY,12,3.799
52112,SROKAS SERVICE CENTER,SR-149,Fort Ann,NY,12,3.899
52112,SROKAS SERVICE CENTER,SR-149,Fort Ann,NY,12,3.999
52128,Sudden Service #8087,I-40 EXIT 238,Lebanon,TN,460,3.199
52140,Sinclair,"I-82, EXIT 69",Sunnyside,WA,925,4.599
52142,PILOT TRAVEL CENTERS #296,"I-94 & BAKER RD, EXIT 167",Dexter,MI,325,3.499
52142,PILOT TRAVEL CENTERS #296,"I-94 & BAKER RD, EXIT 167",Dexter,MI,325,3.659
52142,PILOT TRAVEL CENTERS #296,"I-94 & BAKER RD, EXIT 167",Dexter,MI,325,3.579
52142,PILOT TRAVEL CENTERS #296,"I-94 & BAKER RD, EXIT 167",Dexter,MI,325,3.649
52143,One9 #319,"I-75, EXIT 328",Dalton,GA,285,3.01566666
52145,Pilot Travel Center #318,"I-465/I-74/US-52/US-40/SR-67, EXIT 4 & SR-37",Indianapolis,IN,375,3.899
52145,Pilot Travel Centers#318,"I-465/I-74/US-52/US-40/SR-67, EXIT 4 & SR-37",Indianapolis,IN,375,3.899
52146,FLYING J TRAVEL PLAZA #758,"I-25, EXIT 185 & SR-258",Casper,WY,790,3.999
52149,PILOT TRAVEL CENTERS #321,"I-75/71, EXIT 175 & SR-338",Walton,KY,300,3.08566666
52150,PILOT TRAVEL CENTERS #311,"I-90, EXIT 27 & SR-97",Erie,PA,240,4.21566666
52152,PILOT TRAVEL CENTERS #308,"I-80 , EXIT 310",Laramie,WY,795,3.609
52153,PILOT TRAVEL CENTER #1412,"I-94 & RUSSELL RD, EXIT 1",Wadsworth,IL,444,3.769
52153,PILOT #1412,"I-94 & RUSSELL RD, EXIT 1",Wadsworth,IL,444,3.829
52153,PILOT #1412,"I-94 & RUSSELL RD, EXIT 1",Wadsworth,IL,444,3.769
52155,TA SOUTHINGTON TRAVEL CENTER,"I-84, EXIT 28 & US-65",Milldale,CT,100,5.199
52163,PILOT TRAVEL CENTER #67,"I-75, EXIT 296",Cartersville,GA,18,3.56566666
52163,PILOT TRAVEL CENTERS #67,"I-75, EXIT 296",Cartersville,GA,18,3.549
52212,FLYING J TRAVEL PLAZA #763,"I-80, EXIT 209",Rawlins,WY,795,3.749
52221,FLYING J TRAVEL PLAZA #726,"I-20, EXIT 472",Dallas,TX,630,3.18233333
52222,FLYING J TRAVEL PLAZA #735,"I-10, EXIT 873 & SR-62",Orange,TX,610,3.309
52230,ONE9 #294,"I-15 & I-84, EXIT 344 SR-39",Ogden                                   ,UT,835,3.32566666
52233,SPEEDWAY #2953,"US-80, EXIT 3",Yuma,AZ,900,3.46566666
52235,PETRO STOPPING CENTER #303,"I-80, EXIT 310",Laramie,WY,795,3.57566666
52236,CHEVRON,US-60,Globe,AZ,930,4.299
52239,PILOT TRAVEL CENTER #192,"I-75, EXIT 60",Tifton,GA,10,3.619
52239,PILOT TRAVEL CENTERS #192,"I-75, EXIT 60",Tifton,GA,10,3.599
52241,Rocket,"I-25/US-85/US-87, EXIT 161 & SR-105",Monument                                ,CO,803,3.195
52250,PILOT TRAVEL CENTERS #222,I-84 EXIT 1,Sturbridge,MA,215,4.159
52255,GREATER CHICAGO I 55,"I-55, EXIT 267 & SR-53",Bolingbrook,IL,290,3.609
52255,GREATER CHICAGO I 55,"I-55, EXIT 267 & SR-53",Bolingbrook,IL,290,3.319
52262,CIRCLE K #2721577,US-84 & SR-21,Monroeville,AL,715,3.434
52278,NEIGHBORS EXPRESS,US-25/SR-121/SR-23/SR-67,Millen                                  ,GA,135,3.38233333
52297,IGA EXPRESS SHELL #874,"I-65, EXIT 20",Bowling Green,KY,460,2.999
52299,415 TRUCK STOP,"I-10, EXIT 151 & SR-415",Port Allen,LA,600,3.089
52302,LONGHORN TRUCK AND CAR PLAZA,"I-10, EXIT 4",Vinton                                  ,LA,690,3.274
52304,Fast Stop,"I-10, EXIT 182 & SR-22",Sorrento,LA,600,3.699
52307,CASEYS #3002,SR-60 & SR-30/SR-4,Saint James,MN,425,3.219
52313,CIRCLE K #2723445,"I-20, EXIT 5A & US-61/SR-27",Vicksburg,MS,760,2.959
52322,BOLLA MARKET,"I-95, EXIT 13",Elizabeth,NJ,115,3.099
52323,POWER,"I-78, EXIT 58 & SR-9/SR-1",Newark,NJ,115,4.299
52325,MIRABITO #69,"I-88, EXIT 15 & SR-23",Oneonta,NY,12,3.999
52326,MR FUEL #715,"I-70, EXIT 203",Foristell,MO,540,2.92566666
52334,KWIK TRIP #775,"I-90, EXIT 69 & SR-82",Mauston,WI,420,3.28733333
52335,SHELL,"I-295, EXIT 3",Disputanta,VA,180,3.029
52340,KWIK FILL #249,US-22,Duncansville,PA,14,4.07233333
52344,STAMART 1224,"I-94, EXIT 166",Bismarck,ND,273,3.61566666
52346,QUARLES #4436,"I-695, EXIT 41 & SR-151",Dundalk                                 ,MD,22,3.699
52348,SHELL,"I-75, EXIT47 & SR-85",Detroit,MI,325,3.699
52361,PAYLESS FUEL TRAVEL CENTER,"I-20, EXIT 470",Dallas,TX,630,2.98566666
52363,SPEEDWAY #2376,US-131 & SR-46,Cedar Springs,MI,456,3.899
52364,PILOT TRAVEL CENTERS #335,"I-20 & SR-137, EXIT 138",Rayville,LA,760,3.21233333
52365,MOORES SUPER STORE,US-43/US-278/SR-171,Hamilton,AL,615,3.799
52366,ALMA TRAVEL MART,"I-40, EXIT 13 & US-71",Alma,AR,645,3.33233333
52367,DOSWELL TRUCK STOP,"I-95, EXIT 98 & SR-30",Doswell,VA,180,2.899
52383,FLYING J TRAVEL PLAZA #601,"I-20/I-59, EXIT 104",Mc Calla,AL,615,3.17066666
52384,PILOT TRAVEL CENTERS #337,"I-95, EXIT 164 & US-52",Florence,SC,46,3.349
52385,Flying J Travel Plaza #696,"I-71, EXIT 131",Sunbury,OH,315,3.719
52387,MARATHON,"I-55, EXIT 265 & SR-4",Senatobia,MS,435,3.199
52388,FLYING J TRAVEL PLAZA #711,"I-85, EXIT 102",Blacksburg,SC,46,3.429
52393,CASEYS #3004,SR-15 & CR-52,Truman,MN,425,3.299
52400,PILOT TRAVEL CENTERS #324,"I-94/US-41, EXIT 329",Franksville,WI,444,3.889
52401,LOVES TRAVEL STOP #267,"I-40, EXIT 107 & SR-95",Morrilton,AR,695,3.36066666
52402,FLYING J TRAVEL PLAZA #665,"I-20, EXIT 3 & SR-79",Greenwood,LA,745,3.14566666
52403,FLYING J TRAVEL PLAZA #676,"I-10, EXIT 31",Gulfport,MS,733,3.14566666
52404,PETRO WELLS,"I-80, EXIT 352",Wells,NV,835,3.73233333
52405,FLYING J TRAVEL PLAZA #636,"I-80, EXIT 292",Davenport                               ,IA,270,3.87233333
52411,SAPP BROS TRAVEL CENTER,"I-215, EXIT 21",Salt Lake City,UT,835,3.399
52413,PILOT TRAVEL CENTERS #360,"I-75 & SR-613, EXIT 164",Findlay                                 ,OH,411,3.31566666
52414,Mobil dba ONE9 #1341,"I-5, EXIT 208",Arlington,WA,977,3.799
52421,SHEETZ #194,"I-80, EXIT 97",Falls Creek,PA,14,3.30733333
52422,KWIK TRIP #674,"I-94, EXIT 45 & US-12/SR-29",Menomonie,WI,295,3.499
52423,PILOT TRAVEL CENTER #908- TOWN PUMP,"I-15 & I-90, EXIT 122",Butte,MT,816,3.56566666
52426,J MART #322,"I-65, EXIT 322",Falkville,AL,615,3.199
52427,PILOT TRAVEL CENTERS #340,"I-80, EXIT 46",Fernley,NV,966,3.91566666
52428,PILOT TRAVEL CENTERS #338,"I-26, EXIT 115 & US-321",West Columbia,SC,135,3.499
52430,CHEVRON FOOD MART,"I-75, EXIT 350 & SR-2",Ringgold,GA,285,2.859
52431,WOODBINE TRAVEL CENTER,"I-95, EXIT 14",Woodbine,GA,75,3.03233333
52435,CM WINNERS CHOICE,"I-10 & SR-108, EXIT 23",Sulphur,LA,690,3.299
52438,NEW MADRID,"I-55, EXIT 52/SR-P",New Madrid,MO,275,3.269
52439,CIRCLE K #2723395,US-11,Hattiesburg,MS,620,3.199
52441,PILOT #6990,"I-95, EXIT 106",Kenly,NC,205,3.709
52450,PILOT #1290,"I-35, EXIT 410 & US-77",Red Oak,TX,630,3.299
52452,PLAINVIEW TRAVEL PLAZA,"US-41, EXIT 113 & SR-26",Oshkosh,WI,444,3.199
52454,PILOT TRAVEL CENTERS #6,"I-70, EXIT 178 & SR-209",Cambridge,OH,315,3.509
52455,LOVES TRAVEL STOP #266,"I-35, EXIT 32",Ardmore,OK,253,3.649
52456,PILOT TRAVEL CENTERS #317,"I-44, EXIT 4 (ST 435)",Joplin,MO,277,3.41233333
52458,PILOT TRAVEL CENTERS #332,"I-40, EXIT 161 & SR-391",North Little Rock,AR,695,3.239
52458,PILOT TRAVEL CENTER #332,"I-40, EXIT 161 & SR-391",North Little Rock,AR,695,3.237
52461,FLORENCE VALERO,US-130,Burlington                              ,NJ,160,3.13566666
52463,PILOT TRAVEL CENTERS #341,"I-15, EXIT 48",North Las Vegas,NV,910,3.69566666
52464,7-ELEVEN #40118,ST 220 & I-180,Muncy,PA,138,4.359
52465,FLYING J TRAVEL PLAZA #605,"I-40, EXIT 84",Russellville,AR,695,3.369
52466,FLYING J TRAVEL PLAZA #784,"I-95, EXIT 100 & SR-272",North East,MD,22,4.199
52467,FLYING J TRAVEL PLAZA #712,"I-20, EXIT 70",Columbia,SC,135,3.43233333
52468,FLYING J TRAVEL PLAZA #703,"I-40, EXIT 140",Oklahoma City,OK,483,3.309
52469,LOVES TRAVEL STOPS #269,US-287/US-82/SR-79 & US-281,Wichita Falls,TX,770,3.149
52469,LOVES TRAVEL STOP #269,US-287/US-82/SR-79 & US-281,Wichita Falls,TX,770,3.123
52470,QUIKTRIP #562,"I-80, EXIT 136",Des Moines,IA,320,3.04733333
52471,FLYING J TRAVEL PLAZA #695,"I-75, EXIT 135",Beaverdam,OH,411,3.33066666
52472,FLYING J TRAVEL PLAZA #708,"I-81, EXIT 52",Carlisle,PA,70,4.109
52473,FLYING J TRAVEL PLAZA #743,"I-15, EXIT 222",Nephi,UT,835,3.71566666
52474,PILOT TRAVEL CENTERS #17,"I-94, EXIT 104",Battle Creek,MI,406,3.959
52474,PILOT TRAVEL CENTERS #17,"I-94, EXIT 104",Battle Creek,MI,406,3.999
52474,PILOT TRAVEL CENTERS #17,"I-94, EXIT 104",Battle Creek,MI,406,3.979
52477,PETRO FARGO #361,"I-94, EXIT 348",Fargo,ND,341,3.499
52478,LOVES TRAVEL STOP #418,"I-64, EXIT 172",Grayson,KY,255,3.75566666
52479,PETRO CARNESVILLE #377,"I-85, EXIT 160",Carnesville,GA,16,3.154
52480,LOVES TRAVEL STOP #268,US6-9 & US-75,Atoka,OK,253,3.489
52482,KING TRAVEL PLAZA,"I-95, EXIT 6",Kingsland,GA,75,3.109
52483,FLYING J TRAVEL PLAZA #659,"I-70, EXIT 253",Salina,KS,523,3.77233333
52484,KWIK STAR #303,"I-80, EXIT 201 & US-21",Brooklyn,IA,380,3.129
52493,10 ACRE TRUCKSTOP,"HWY-401, EXIT 53B & HWY 1",Belleville,ON,420,3.45750874
52493,10 ACRE TRUCKSTOP,"HWY-401, EXIT 53B & HWY 1",Belleville,ON,420,3.42178332
52493,10 ACRE TRUCKSTOP,"HWY-401, EXIT 53B & HWY 1",Belleville,ON,420,3.39469036
52493,10 ACRE TRUCKSTOP,"HWY-401, EXIT 53B & HWY 1",Belleville,ON,420,3.36857692
52493,10 ACRE TRUCKSTOP,"HWY-401, EXIT 53B & HWY 1",Belleville,ON,420,3.45114834
52493,10 ACRE TRUCKSTOP,"HWY-401, EXIT 53B & HWY 1",Belleville,ON,420,3.48592833
52510,Valero,SR-9,Maysville                               ,KY,312,3.599
52511,JOES JUNCTION #9,"I-65, RAYMOND EXIT",Indianapolis,IN,375,3.459
52512,LOVES TRAVEL STOPS #270,"I-20, EXIT 349",Ranger,TX,575,3.189
52512,LOVES TRAVEL STOP #270,"I-20, EXIT 349",Ranger,TX,575,3.213
52513,FLYING J TRAVEL PLAZA #678,"I-20 & I-55, EXIT 47",Pearl,MS,760,3.149
52514,FLYING J TRAVEL PLAZA #671,"I-55, EXIT 58",Matthews,MO,275,3.239
52516,FLYING J TRAVEL PLAZA #612,"I-40, EXIT 255",Winslow,AZ,930,3.624
52517,STRIPES 7FLEET #42562,US-84 & US-385,Littlefield,TX,700,3.199
52520,DANDY MINI MART #19,"ROUTE 17, EXIT 59-A",Sayre,PA,190,3.99233333
52527,PETRO STOPPING CENTER #323,"I-75, EXIT 368",Reddick,FL,225,3.35233333
52528,QUIKTRIP #150,"I-70, EXIT 28",Oak Grove,MO,400,2.959
52529,BIG SKY TRUCK STOP,"I-15, EXIT 56 N",Dillon,MT,786,3.689
52531,FLYING J FUEL STOP #768,"I-435, EXIT 57",Kansas City,MO,400,3.38233333
52534,LEES FOOD MART #1122,"I-75, EXIT 122 & SR-61",Clinton,TN,405,2.969
52535,PWI #115,"I-45, EXIT 178",Buffalo,TX,765,2.899
52537,TA Express Osseo #431,"I-94, EXIT 88",Osseo,WI,448,3.469
52539,PILOT TRAVEL CENTERS #331,"I-285 , EXIT 51",Atlanta,GA,18,3.599
52539,PILOT TRAVEL CENTER #331,"I-285 , EXIT 51",Atlanta,GA,18,3.599
52541,PANTRY TRUCKSTOP,US-2/US-41,Rapid River,MI,360,3.499
52541,PANTRY TRUCKSTOP,US-2/US-41,Rapid River,MI,360,3.319
52541,PANTRY TRUCKSTOP,US-2/US-41,Rapid River,MI,360,3.399
52542,FLYING J TRAVEL PLAZA #624,"I-75, EXIT 285 & SR-52",San Antonio,FL,225,3.599
52546,CIRCLE K #2723910,US-84 & US-27,Bainbridge,GA,20,3.599
52548,Henderson Fuel Mart,"I-80, EXIT 342",Henderson                               ,NE,350,2.899
52549,SPEEDWAY #3328,"I-77, EXIT 159 A",Cleveland,OH,305,3.799
52550,PILOT TRAVEL CENTERS #404,"I-24, EXIT 81 SE",Murfreesboro,TN,460,3.47233333
52551,PILOT TRAVEL CENTERS #374,"I-10, EXIT 142 & SR-71",Marianna,FL,20,3.599
52551,PILOT TRAVEL CENTER #374,"I-10, EXIT 142 & SR-71",Marianna,FL,20,3.599
52552,FLYING J TRAVEL PLAZA #672,"I-49/US-71, EXIT167 & CR-J",Peculiar,MO,400,3.42233333
52553,FLYING J TRAVEL PLAZA #689,"I-40, EXIT 153",Albuquerque,NM,580,3.549
52557,SPRINT MART #40,US-72 & SR-247,Tuscumbia,AL,615,3.189
52558,LOVES TRAVEL STOP #271,"I-40, EXIT 37 & US-219",Ozark,AR,695,3.39233333
52562,MOBIL,"I-87, EXIT 36                 ",Plattsburgh                             ,NY,39,3.799
52563,FLYING J TRAVEL PLAZA #631,"I-75, EXIT 2",Lake Park,GA,20,3.32233333
52564,FLYING J TRAVEL PLAZA #669,"I-44, EXIT 11A & US-71/SR-249 & SR-FF",Joplin,MO,277,3.41233333
52565,PILOT TRAVEL CENTERS #377,"I-35, EXIT 13",Laredo,TX,693,3.599
52566,YUMM,"I-35, EXIT 8",Laredo,TX,598,2.87566666
52575,PILOT TRAVEL CENTERS #775,"I-15, EXIT 4",Saint George,UT,910,3.67566666
52577,PILOT TRAVEL CENTER #329,"I-29 & I-80, EXIT 1B",Council Bluffs,IA,319,3.659
52577,PILOT TRAVEL CENTERS #329,"I-29 & I-80, EXIT 1B",Council Bluffs,IA,319,3.659
52580,LOVES TRAVEL STOP #405,"I-95, EXIT 29",Brunswick,GA,75,3.321
52580,LOVES TRAVEL STOPS #405,"I-95, EXIT 29",Brunswick,GA,75,3.389
52581,TA WILLCOX TRAVEL CENTER,"I-10, EXIT 340",Willcox,AZ,980,3.28233333
52582,JRs Oasis,SR-50,Yankton,SD,572,3.149
52585,SUPERPUMPER #22,"I-94, EXIT 42",Belfield,ND,807,3.529
52587,PILOT TRAVEL CENTERS #380,"I-81, EXIT 25 & I-90, EXIT 36",Liverpool,NY,220,4.159
52588,STRIPES #42564,US-87,Lubbock,TX,700,3.199
52590,FLYING J TRAVEL PLAZA #661,"I-65, EXIT 2 & US-31W",Franklin,KY,415,3.169
52591,FLYING J TRAVEL PLAZA #749,"I-95, EXIT 104",Ruther Glen,VA,180,3.619
52594,PILOT TRAVEL CENTERS #348,"I-70, EXIT 32B",Bentleyville,PA,165,4.109
52595,7-ELEVEN #40281,"I-476,  EXIT 35/95",Jim Thorpe,PA,90,3.589
52597,7-ELEVEN #40278,"I-81, EXIT 44 & I-76",Plainfield,PA,70,3.96733333
52598,7-ELEVEN #40283,"I-76, EXIT 19/247",Middletown,PA,70,3.97066666
52599,7-ELEVEN #40285,"I-76, EXIT 21/286",Bowmansville,PA,208,3.97066666
52601,LOVES TRAVEL STOP #236,"I-40, EXIT 161 & SR-391",North Little Rock,AR,695,3.22066666
52602,7-ELEVEN #40277,"I-76, EXIT 16/226",Newburg,PA,70,4.299
52603,CASEYS #3364,US-281 & SR-200,Carrington,ND,341,3.439
52605,PILOT TRAVEL CENTER #39,"I-57, EXIT 335",Monee,IL,290,3.559
52605,PILOT TRAVEL CENTERS #39,"I-57, EXIT 335",Monee,IL,290,3.459
52605,PILOT TRAVEL CENTERS #39,"I-57, EXIT 335",Monee,IL,290,3.399
52605,PILOT TRAVEL CENTER #39,"I-57, EXIT 335",Monee,IL,290,3.399
52605,PILOT TRAVEL CENTER #39,"I-57, EXIT 335",Monee,IL,290,3.439
52607,PILOT TRAVEL CENTERS #409,"I-40, EXIT 172",Dickson                                 ,TN,460,3.19233333
52608,PILOT #7971,"I-40, EXIT 133",Conover,NC,46,3.699
52610,TA HARBORCREEK TRAVEL CENTER,"I-90, EXIT 35",Erie,PA,240,4.199
52611,STRIPES #40530,SR-239,Del Rio,TX,740,3.229
52612,STRIPES 7FLEET #42568,US-60 & CR-G,Hereford,TX,700,3.35066666
52615,PILOT TRAVEL CENTERS #4,"I-90, EXIT 151",Avon,OH,305,3.879
52616,PILOT TRAVEL CENTER #28,I-69 EXIT 234,Daleville,IN,457,3.649
52616,PILOT TRAVEL CENTERS #28,I-69 EXIT 234,Daleville,IN,457,3.519
52618,PILOT TRAVEL CENTERS #63,"I-85, EXIT 35",Piedmont,SC,30,3.22233333
52620,GOODLAND 24/7 STORE,"I-70, EXIT 19",Goodland,KS,525,3.08733333
52621,CORNER MARKET #111,"I-70, EXIT 27",Goodland,KS,525,3.059
52622,STRIPES 7FLEET #42567,I-20,Stanton,TX,700,3.01566666
52623,TA WILLINGTON TRAVEL CENTER,"I-84, EXIT 71",Willington,CT,100,5.199
52624,PILOT TRAVEL CENTERS #390,"I-84, EXIT 188 & US-395",Stanfield,OR,982,3.469
52625,FLYING J TRAVEL PLAZA #673,"I-44, EXIT 226 & SR-85",Sullivan                                ,MO,540,3.324
52626,FLYING J TRAVEL PLAZA #627,"I-95/SR-405, EXIT 29 & US-82/US-17/SR-25/SR-520",Brunswick,GA,75,3.39566666
52628,One9 Pride #1215,"I-10, EXIT 45",Salome,AZ,930,3.379
52628,Pride Travel Center dba One9 #1215,"I-10, EXIT 45",Salome,AZ,930,3.359
52629,LOVES TRAVEL STOPS #413,"I-90, EXIT 106 & US-97",Ellensburg,WA,977,3.889
52629,LOVES TRAVEL STOP #413,"I-90, EXIT 106 & US-97",Ellensburg,WA,977,3.829
52629,LOVES TRAVEL STOP #413,"I-90, EXIT 106 & US-97",Ellensburg,WA,977,3.949
52629,LOVES TRAVEL STOP #413,"I-90, EXIT 106 & US-97",Ellensburg,WA,977,3.889
52630,PILOT TRAVEL CENTERS #386,"I-5, EXIT 263",Salem,OR,935,3.859
52632,LOVES TRAVEL STOP #451,"I-65, EXIT 95 & CR-500",Whiteland,IN,375,3.949
52633,PILOT TRAVEL CENTERS #57,"I-40 & I-85, EXIT 152",Mebane,NC,65,3.959
52634,PETRO STOPPING CENTER #362,"I-80, EXIT 353",York,NE,330,3.299
52635,E EXPRESS at MLK,"I-40 & I-35, EXIT 127",Oklahoma City,OK,483,2.889
52636,LOVES TRAVEL STOP #414,"I-64, EXIT 25B & US-41",Haubstadt,IN,340,3.949
52638,STRIPES 7FLEET #42555,"I-20, EXIT 80 & SR-18",Monahans,TX,710,2.929
52640,SPEEDWAY #8316,US-30 & US-41,Dyer,IN,290,3.649
52641,PILOT TRAVEL CENTERS #71,"I-95, EXIT 109",Port Wentworth,GA,195,3.37233333
52641,PILOT TRAVEL CENTER #71,"I-95, EXIT 109",Port Wentworth,GA,195,3.419
52642,One9 #61,"I-26, EXIT 52 & SR-56",Clinton,SC,30,3.099
52643,Minit Mart #3,HIGHWAY 277 & FM 1589,Eagle Pass,TX,693,3.199
52644,ONE9 #058,"I-95, EXIT 180 & SR-48",Pleasant Hill                           ,NC,205,3.399
52646,FLYING J TRAVEL PLAZA #619,"I-70, EXIT 285",Aurora,CO,800,3.39233333
52647,FLYING J TRAVEL PLAZA #699,"I-70, EXIT 122",Millersport,OH,315,3.44566666
52648,Stripes #42566,US-67 & SR-158,Ballinger,TX,612,3.05566666
52649,FLYING J TRAVEL PLAZA #623,"I-10, EXIT 192 & US-90",Midway,FL,20,3.799
52651,TA NEW BRAUNFELS TRAVEL CENTER,"I-35, EXIT 193",New Braunfels,TX,740,3.449
52652,PILOT TRAVEL CENTERS #47,"I-275, EXIT 129",Georgetown,KY,410,3.20566666
52656,TRAVELING TIGER CENTER,"I-10, EXIT 87",Sierra Blanca,TX,640,3.15566666
52658,LOVES TRAVEL STOP #274,"I-40, EXIT 221 & SR-27",Okemah,OK,560,3.35566666
52659,LOVES TRAVEL STOP #276,"I-10, EXIT 20",Lordsburg,NM,640,3.45733333
52661,LOVES TRAVEL STOP #281,"I-35 WEST, EXIT 40",Fort Worth,TX,630,3.18733333
52663,EXXON,"I-20/I-59, EXIT 17 & SR-28",Livingston,AL,705,2.979
52664,PETRO STOPPING CENTER #378,I-81 EXIT 178B,Pittston,PA,200,4.16566666
52667,EXPRESS LANE TRAVEL CENTER,"I-20, EXIT 100 & US-80",Lawrence,MS,705,3.299
52669,COLUMBIA TRUCK STOP,US-46,Columbia,NJ,115,3.079
52674,FLYING J TRAVEL PLAZA #738,"I-20/FM707, EXIT 277",Tye,TX,575,3.124
52675,PILOT TRAVEL CENTER #907- TOWN PUMP,"I-94, EXIT 138",Miles City                              ,MT,780,3.499
52676,PILOT TRAVEL CENTERS #336,"I-80, EXIT 97 & US-219",Du Bois,PA,14,4.034
52678,STRIPES 7FLEET #42433,US-277,Bronte,TX,739,3.474
52679,LOVES TRAVEL STOP #404,"I-295, EXIT 56 & I-95, EXIT 7",Bordentown,NJ,150,3.979
52680,PILOT TRAVEL CENTER #91,"I-95, EXIT 329",Saint Johns,FL,75,3.424
52680,PILOT TRAVEL CENTERS #91,"I-95, EXIT 329",Saint Johns,FL,75,3.499
52683,PILOT TRAVEL CENTER #145,"I-40/US-71/US-62, EXIT 72 AND US-412",Springdale,AR,416,3.463
52683,PILOT TRAVEL CENTERS #145,"I-40/US-71/US-62, EXIT 72 AND US-412",Springdale,AR,416,3.459
52684,KWIK STAR #348,US-30/US-67,Clinton,IA,270,3.624
52685,LOVES TRAVEL STOP #275,"I-40/US-63, EXIT 233 & SR-261",Palestine,AR,435,3.31566666
52686,LOVES TRAVEL STOP #278,"I-40, EXIT 277",Joseph City,AZ,930,3.60733333
52687,LOVES TRAVEL STOP #286,"I-10, EXIT 17",Quartzsite,AZ,930,3.949
52690,LOVES TRAVEL STOP #415,"I-95 & OKEECHOBEE RD, EXIT 129",Fort Pierce,FL,95,3.50566666
52691,PILOT TRAVEL CENTERS #312,"I-20/SR-402, EXIT 5 & SR-100",Tallapoosa,GA,18,3.449
52691,PILOT TRAVEL CENTER #312,"I-20/SR-402, EXIT 5 & SR-100",Tallapoosa,GA,18,3.389
52692,PILOT TRAVEL CENTER #249,"I-70/I-55, EXIT 18 & SR-162",Troy                                    ,IL,540,3.699
52692,PILOT TRAVEL CENTERS #249,"I-70/I-55, EXIT 18 & SR-162",Troy                                    ,IL,540,3.439
52692,PILOT TRAVEL CENTERS #249,"I-70/I-55, EXIT 18 & SR-162",Troy                                    ,IL,540,3.439
52692,PILOT TRAVEL CENTERS #249,"I-70/I-55, EXIT 18 & SR-162",Troy                                    ,IL,540,3.439
52692,PILOT TRAVEL CENTER #249,"I-70/I-55, EXIT 18 & SR-162",Troy                                    ,IL,540,3.379
52692,PILOT TRAVEL CENTER #249,"I-70/I-55, EXIT 18 & SR-162",Troy                                    ,IL,540,3.579
52697,FLYING J TRAVEL PLAZA #747,"I-15, EXIT 261",Springville                             ,UT,835,3.76566666
60084,SUNSTOP #625,US-84,Ashford,AL,20,3.599
60106,SUNSTOP #619,US-84,Daleville,AL,720,3.399
60114,SUNSTOP #606,US-84/SR-167,Enterprise,AL,20,3.699
60136,HOBO PANTRY #18,US-431,Headland                                ,AL,20,3.599
60145,OCS QUICK STOP,US-43/SR-13,Mount Vernon                            ,AL,715,3.699
60147,HOP-IN FOOD STORES,US-82 & SR-22,Maplesville,AL,720,3.399
60191,PILOT #1180,"I-10, EXIT 94",Tonopah,AZ,930,3.899
60191,PILOT TRAVEL CENTER #1180,"I-10, EXIT 94",Tonopah,AZ,930,3.899
60206,TA EXPRESS #649,"I-25, EXIT 52",Walsenburg,CO,796,4.259
60208,BERKSHIRE PETROLEUM,"I-91, EXIT 9",North Haven,CT,100,3.549
60220,ZELLWOOD TRUCK STOP,US-441,Zellwood,FL,140,3.499
60224,SUNSTOP #419,US-19,Camilla,GA,20,3.499
60226,CIRCLE K #2723903,US-82 & SR-520,Dawson,GA,20,3.499
60229,96 TRAVEL PLAZA,"I-16, EXIT 24",Jeffersonville                          ,GA,85,3.399
60230,CIRCLE K #2745152,US-19,Pelham,GA,20,3.499
60242,KWIK STAR #711,US-18/US-52,Monona,IA,565,3.624
60243,PETRO MART,"I-29, EXIT 112",Onawa,IA,527,3.15733333
60245,STINKER #74,"I-84, EXIT 137",Bliss,ID,785,3.634
60248,METRO,"I-95, EXIT 12",Avenel                                  ,NJ,115,3.299
60250,ELIZABETH TRUCK STOP,"I-95, EXIT 13A & SR-81",Elizabethport,NJ,115,3.399
60255,HUCKS FOOD & FUEL #186,US-51/CR-1450 & US-136,Heyworth,IL,368,3.479
60255,HUCKS FOOD & FUEL #186,US-51/CR-1450 & US-136,Heyworth,IL,368,3.549
60256,BOLLA MARKET,"I-84, EXIT 1",Montague,NJ,115,3.519
60270,CHUCKLES #27,SR-57,Washington                              ,IN,340,3.339
60273,24-7,"I-70, EXIT 53 & SR-25",Colby,KS,525,3.05566666
60280,JUMP START #9,"I-35, EXIT 4",South Haven,KS,570,3.069
60282,CRVS #7,SR-96 & SR-27,Tribune,KS,525,3.399
60294,LITTLE CAPITOL EXXON,"I-10, EXIT 115",Breaux Bridge                           ,LA,600,3.899
60295,EXIT 80 TRAVEL PLAZA,"I-10, EXIT 80",Crowley                                 ,LA,730,3.109
60298,BEAU CHENE TRUCK STOP,"I-49, EXIT 11",Grand Coteau,LA,730,3.399
60313,WHITE MARSH TRUCK STOP,US-40,White Marsh                             ,MD,22,3.369
60316,CIRCLE K #4707001,"I-95, EXIT 264 & SR-158",Sherman,ME,170,3.93233333
60324,FUEL MART OF AMERICA,"I-75, EXIT 59",Detroit                                 ,MI,325,3.499
60326,SUNRISE CONVENIENCE STORE #29,"I-69, EXIT 184                ",Memphis                                 ,MI,325,3.559
60326,SUNRISE CONVENIENCE STORE #29,"I-69, EXIT 184                ",Memphis                                 ,MI,325,3.499
60328,SPEEDWAY #8748,"I-69, EXIT 6",Flint,MI,342,3.339
60329,CHARLIES COUNTRY CORNER,"I-75, EXIT 271",Grayling,MI,287,3.899
60329,CHARLIES COUNTRY CORNER,"I-75, EXIT 271",Grayling,MI,287,3.799
60333,LAKESHORE BP,US-2,Manistique,MI,287,3.499
60341,SNAPPY FOOD MART,ST 60,Tekonsha,MI,431,3.589
60342,True North #254,US-31 & SR-37,Traverse City,MI,456,3.789
60342,True North #254,US-31 & SR-37,Traverse City,MI,456,3.729
60344,DORR TRUCK STOP,"US-131, EXIT 68",Wayland,MI,344,3.499
60347,KWIK TRIP #875,"I-90, EXIT 157, BRIDGE ST ENTRANCE",Albert Lea,MN,515,3.324
60358,PETRO SERVE USA #54,US-10,Glyndon,MN,341,3.449
60372,FLYING W CONVENIENCE STORE,SR-96,Carthage                                ,MO,277,3.199
60373,FLYING J #571,"I-57, EXIT 12 & US-60",Charleston,MO,490,3.559
60374,PILOT TRAVEL CENTERS #385,US-54 & SR-13,Collins                                 ,MO,416,3.49566666
60379,FAST LANE #50,US-54/SR-19,Laddonia,MO,540,3.15733333
60380,AMOCO,US-63/US-136,Lancaster,MO,320,3.249
60382,WINDSTARS #5101,"I-435, EXIT 57",Kansas City,MO,400,3.099
60383,CASEYS #4399,"I-70, EXIT 175",New Florence,MO,392,2.949
60392,Kangaroo Crossing #1107,"I-20, EXIT 68 & SR-43",Pelahatchie,MS,705,3.199
60398,TOWN PUMP FOOD STORE #610,"I-90, EXIT 333",Livingston                              ,MT,786,3.644
60400,CAN AM C STORE,SR-16,Plentywood,MT,807,3.499
60416,MINUTEMAN FOOD MART #20,US-74 & US-76,Whiteville                              ,NC,245,3.46066666
60420,PUMP & PANTRY #35,US-183,Alma,NE,330,3.459
60426,BONS BONS MOBIL,US-3,Merrimack,NH,125,3.699
60434,ENRITE,US-9,Linden,NJ,79,3.34233333
60442,Circle K #4706716,SR-71 & SR-47,Yorkville,IL,290,3.799
60442,Circle K #4706716,SR-71 & SR-47,Yorkville,IL,290,3.499
60442,Circle K #4706716,SR-71 & SR-47,Yorkville,IL,290,3.599
60460,HAHN OIL,US-36,Coshocton                               ,OH,315,3.299
60461,TRUE NORTH #704,"I-75, EXIT 56A",Dayton                                  ,OH,317,3.799
60463,Anna Truck Stop,"I-75, EXIT 99",Anna,OH,411,3.01566666
60465,MOTOMART #4129,ST 309,Marion                                  ,OH,411,3.34233333
60471,FUEL MART #701,"I-480/I-271, EXIT 23 & SR-8",Bedford,OH,305,3.529
60473,BELL STORES #50,ST 3,Wooster,OH,249,3.599
60476,PETES #11,US-75,Dewey,OK,560,3.154
60508,FEGLEY VALERO,SR-309,Tamaqua,PA,90,3.599
60513,CIRCLE K #2723873,US-17,Georgetown,SC,42,2.899
60515,FLASH MARKET #302,SR-9 & SR-151,Pageland,SC,46,3.38566666
60516,ENMARKET #892,"I-95, EXIT 150",Harleyville,SC,195,3.399
60519,CORNER PANTRY #25,US-14,Huron,SD,571,3.079
60538,TEXACO #380031,ST 21W,Bryan,TX,765,3.399
60539,SHELL,US-96 & SR-62/FM-1004,Buna,TX,610,3.10233333
60540,CIRCLE K #2706340,"I-20, EXIT 533",Canton,TX,630,2.77566666
60551,CIRCLE K #2744522,"I-30, EXIT 201  I-30 & SR-8",New Boston,TX,766,2.94233333
60554,CEFCO #2070,"I-27, EXIT 49",Plainview,TX,700,2.83233333
60565,CEFCO #2006,"I-40, EXIT 163",Shamrock,TX,585,3.099
60579,SPEEDWAY #4633,US-220/US-221/US-460,Roanoke,VA,185,3.399
60587,BJS AUTO TRUCK PLAZA,SR-28,Rock Island,WA,970,4.099
60587,BJS AUTO TRUCK PLAZA,SR-28,Rock Island,WA,970,3.999
60589,RIVER COUNTRY PLAZA,"SR-29, EXIT 91",Cadott,WI,295,3.39733333
60590,DARLINGTON MINI MART,SR-23 & SR-81,Darlington,WI,420,3.399
60601,HOLIDAY STATIONSTORE #2746229,US-53/US-2,Superior,WI,545,3.339
60635,EXXON ON THE RUN,US-62/US-412 & SR-126,Gassville                               ,AR,535,3.695
60650,SHELL DBA ONE9 #1244,"I-8, EXIT 115",Gila Bend,AZ,930,3.259
60650,ONE9 #1244,"I-8, EXIT 115",Gila Bend,AZ,930,3.359
60700,PWI #502,"I-70/US-40, EXIT 259",Golden,CO,800,3.199
60707,REATA TRAVEL STOP,"I-76, EXIT 125",Sterling,CO,800,3.399
60708,CRVS STORE #6,US-385,Wray,CO,800,3.449
60762,BP,US-1 & US-341,Baxley,GA,195,3.599
60768,GAS N GO FOOD STORE,"I-75, EXIT 290/US-41",Cartersville,GA,48,2.94233333
60773,NEIGHBORS EXPRESS,US-341/SR-27 & US-129 ALT/SR-340,Hawkinsville,GA,20,3.399
60779,Marathon,US-129,Eatonton                                ,GA,85,3.399
60781,JP PERRY,"I-75, EXIT 138",Perry                                   ,GA,85,3.08233333
60783,CIRCLE K #2723324,US-441/US-23/SR-15 & SR-17A/SR-385,Clarkesville,GA,16,3.439
60787,MARATHON,"I-20, EXIT 11",Lithia Springs,GA,48,2.87233333
60788,SPRINT FOODS #722,US-1/SR-4/SR-17 & SR-24,Louisville                              ,GA,85,4.099
60791,MARATHON #9,"I-475, EXIT 1",Macon,GA,85,3.039
60795,CIRCLE K #2745080,US-319/US-129/SR-90/SR-11,Ocilla,GA,10,3.62566666
60797,EVANS FOOD MART,SR-20,Rome,GA,193,3.699
60804,JET FOOD STORE #4,US-1 & SR-78,Wadley,GA,135,3.41566666
60807,BATAVIA GARDENS AND GAS,"US-34, EXIT 203",Batavia,IA,320,3.379
60817,KWIK STAR #712,US-218 & SR-27,Janesville,IA,565,3.599
60822,CASEYS #3639,US-18/US-52,Postville,IA,420,3.599
60829,BARRY TRAVEL PLAZA,"I-72, EXIT 20",Barry,IL,540,3.599
60833,SPEEDWAY #5400,CR-11 & CR-23,Bloomingdale,IL,290,3.759
60834,SPEEDWAY #7422,SR-43,Burbank,IL,293,3.619
60839,FREEDOM OIL #18,"I-74, EXIT 82",Edwards,IL,270,3.499
60839,FREEDOM OIL #18,"I-74, EXIT 82",Edwards,IL,270,3.399
60839,FREEDOM OIL #18,"I-74, EXIT 82",Edwards,IL,270,3.899
60846,EXPRESS LANE #50,"I-88, EXIT 10",Hillsdale                               ,IL,270,3.699
60846,EXPRESS LANE #50,"I-88, EXIT 10",Hillsdale                               ,IL,270,3.999
60846,EXPRESS LANE #50,"I-88, EXIT 10",Hillsdale                               ,IL,270,3.799
60851,SPEEDWAY #7382,I-355 & SR-64,Lombard,IL,293,3.249
60851,SPEEDWAY #7382,I-355 & SR-64,Lombard,IL,293,3.349
60851,SPEEDWAY #7382,I-355 & SR-64,Lombard,IL,293,3.299
60857,RED ROOSTER TERMINAL,US-50/SR-250 & SR-130,Olney,IL,510,3.189
60857,RED ROOSTER TERMINAL,US-50/SR-250 & SR-130,Olney,IL,510,3.249
60857,RED ROOSTER TERMINAL,US-50/SR-250 & SR-130,Olney,IL,510,3.399
60857,RED ROOSTER TERMINAL,US-50/SR-250 & SR-130,Olney,IL,510,3.189
60857,RED ROOSTER TERMINAL,US-50/SR-250 & SR-130,Olney,IL,510,3.349
60857,RED ROOSTER TERMINAL,US-50/SR-250 & SR-130,Olney,IL,510,3.399
60865,Truckquest,"I-55, EXIT 286",Cicero,IL,290,3.599
60865,Truckquest,"I-55, EXIT 286",Cicero,IL,290,3.649
60871,WENONA BP,"I-39/US-51, EXIT 35 & SR-17",Wenona                                  ,IL,280,3.499
60881,GAS AND STUFF,"I-64, EXIT 118",Georgetown                              ,IN,415,3.799
60882,SPEEDWAY #6666,US-33,Goshen,IN,465,3.81566666
60887,STERNBERG CITGO TRUCK STOP,"I-64, EXIT 57",Jasper                                  ,IN,340,3.759
60890,JACK FLASH,I-57 EXIT 135,Farina,IL,510,3.099
60890,JACK FLASH,I-57 EXIT 135,Farina,IL,510,3.199
60900,7-ELEVEN #40504,"I-80/I=90, MM 56 EB",Rolling Prairie,IN,465,3.999
60902,SPEEDWAY #6674,"I-80/I-90, EXIT 72 & SR-31",South Bend,IN,465,3.69066666
60913,J Mart #1,"HWY 50 E, HWY 83 N",Garden City,KS,525,3.529
60926,CENEX,US-36 & US-83,Oberlin,KS,525,3.159
60958,NORTH WEST TRUCK STOP,US-90 & SR-3211,Franklin,LA,600,3.399
60979,TOBACCO PLUS #5,"I-10, EXIT 4 & US-90",Vinton,LA,690,2.999
60988,GULF OIL LP #5020,"I-90, MM291",Blandford,MA,215,3.914
60989,Blandford Service Plaza Westbound,"I-90, EXIT MM29",Blandford,MA,215,3.919
60993,GULF #5165,"I-90, EXIT 12",Framingham,MA,34,4.06566666
60997,GULF OIL #5035,I-90 MM 66.7,Ludlow,MA,215,3.914
60998,GULF OIL #5030,"I-90, EXIT 7",Ludlow,MA,215,3.909
61004,Applegreen,SR-15,Sturbridge,MA,215,3.999
61006,GULF OIL LP #5155,"I-90, EXIT 11",Westborough                             ,MA,215,3.909
61019,MARDELA GOOSE CREEK FOOD STORE,US-50,Mardela Springs                         ,MD,194,3.979
61021,WESTOVER GOOSE CREEK,US-13 & SR-673,Westover                                ,MD,194,3.259
61028,MARATHON,"US-10, EXIT 137",Bay City,MI,260,3.259
61028,MARATHON,"US-10, EXIT 137",Bay City,MI,260,3.199
61030,HAGGERTY JOY MOBIL,I-275,Canton                                  ,MI,325,3.699
61032,MARATHON,US-10/US-127,Clare,MI,260,3.289
61032,MARATHON,US-10/US-127,Clare,MI,260,3.299
61034,MOTOR CITY TRUCK STOP,"I-75, EXIT 43",Detroit                                 ,MI,325,3.499
61037,HEARTLAND MOBIL,US-23,Fenton,MI,342,3.849
61038,SPEEDWAY #8753,"I-475, EXIT 4",Burton,MI,342,3.399
61038,SPEEDWAY #8753,"I-475, EXIT 4",Burton,MI,342,3.289
61038,SPEEDWAY #8753,"I-475, EXIT 4",Burton,MI,342,3.089
61038,SPEEDWAY #8753,"I-475, EXIT 4",Burton,MI,342,3.259
61042,CITGO,"US-131, EXIT 44",Kalamazoo,MI,465,3.499
61057,CIRCLE K #2746537,US-2 & US-41,Rapid River                             ,MI,360,3.499
61057,CIRCLE K #2746537,US-2 & US-41,Rapid River                             ,MI,360,3.319
61057,CIRCLE K #2746537,US-2 & US-41,Rapid River                             ,MI,360,3.399
61057,CIRCLE K #2746537,US-2 & US-41,Rapid River                             ,MI,360,3.449
61063,PS Food Mart,I-69 EXIT 25,Tekonsha,MI,431,3.589
61063,PS Food Mart,I-69 EXIT 25,Tekonsha,MI,431,3.519
61076,Holiday StationStore #2746408,"I-35, EXIT 129",Forest Lake,MN,448,3.399
61080,CO-OP SERVICE,US-10 & CR-67,New York Mills,MN,250,3.499
61090,Northdale Oil,US-59 & SR-1,Thief River Falls                       ,MN,355,3.239
61093,CIRCLE K #2746501,"I-90, EXIT 45 & SR-60",Worthington,MN,432,3.14233333
61099,LOVES TRAVEL STOP #488,"I-55, EXIT 157 & SR-32",Bloomsdale,MO,540,3.38233333
61102,FAST LANE #54,US-63,Columbia,MO,310,3.20733333
61106,TEMP STOP #102,US-54 & SR-52,Eldon,MO,392,3.199
61110,HB OF RANDOLPH,"I-435, EXIT 55B & SR-210",Kansas City,MO,400,3.149
61111,Caseys #4540,"I-35, EXIT 40 & SR-116",Lathrop,MO,400,3.07566666
61115,BREAK TIME #3071,US-24 & US-63,Moberly,MO,310,3.469
61118,MIDWEST PETROLEUM #21,"I-55, EXIT 129",Perryville,MO,275,2.99066666
61145,TEXACO,US-49 & US-98,Hattiesburg,MS,620,3.199
61146,STUCKEYS EXPRESS #619,"I-59, EXIT 113 & SR-528",Heidelberg                              ,MS,620,3.499
61149,CEFCO #501,US-45,Lauderdale,MS,705,2.899
61168,Blue Sky #717,US-72 & SR-15,Walnut,MS,435,3.099
61171,CHEVRON CURB STORE,US-49 & SR-26,Wiggins,MS,620,3.499
61176,TOWN PUMP FOOD STORE #8947,US-2,Chinook,MT,815,3.629
61182,TOWN PUMP FOOD STORE #3000,US-87,Lewistown,MT,815,3.599
61193,SPEEDWAY #8502,"I-75, EXIT 161 & CR-99",Findlay,OH,411,3.299
61195,MINUTEMAN FOOD MART #06,SR-24,Clinton,NC,245,3.649
61205,SPEEDWAY #6961,"I-40, EXIT 303",Garner,NC,177,2.92066666
61210,SHEETZ #548,US-29,Greensboro,NC,65,2.859
61254,7-ELEVEN #36075,"I-77, EXIT 65 & SR-901",Union Grove,NC,46,2.859
61266,CENEX CONVENIENCE STORE,US-2 & SR-19,Devils Lake,ND,355,3.249
61269,FLYING J #489,"I-29, EXIT 138",Grand Forks,ND,341,3.61566666
61271,MARATHON,"I-94, EXIT 292",Valley City,ND,341,3.499
61291,FLEMING OIL FOOD MART,ST 9,West Chesterfield,NH,12,3.899
61292,ENRITE,"I-95, EXIT 14A",Jersey City,NJ,115,3.349
61301,SUNOCO- WALT WHITMAN PLAZA #7007,"NJTP,MILE POST 30",Cherry Hill,NJ,150,3.899
61304,A Plus MOLLY PITCHER PLAZA #7011,MILE POST 71.7 NJ TURNPIKE SO,Cranbury,NJ,115,3.909
61305,BP,US-130,Cranbury,NJ,150,3.14566666
61308,CARLSTADT VALERO,SR-120,Carlstadt,NJ,115,3.199
61312,BLUE STAR,US-202 & SR-31,Flemington                              ,NJ,115,3.399
61326,SUNOCO JAMES F COOPER PLAZA- #7008,MILEPOST 39 NJ TURNPIKE N,Mount Laurel,NJ,150,3.959
61328,KW RASTALL OIL,US-130,North Brunswick,NJ,115,3.199
61333,46 GAS AND TRUCK STOP,US-46,Palisades Park,NJ,115,3.23566666
61337,SUNOCO- JOHN FENWICK PLAZA #7006,"NJTP, MM 5",Penns Grove,NJ,150,3.909
61339,FUEL ONE,"I-78, EXIT 3 & US-22",Phillipsburg,NJ,79,3.359
61346,SUNOCO- ALEXANDER HAMILTON PLAZA #7016,NEW JERSEY TURNPIKE SOUTH MILEPOST 111.6 ,Secaucus,NJ,115,3.899
61357,KENT KWIK #501,US-70 & US-54,Alamogordo,NM,593,2.98233333
61364,HUNTINGTON BROADWAY CONOCO,US-64 BUS,Farmington,NM,614,3.799
61409,104 STORE,SR-370/SR-104,Red Creek                               ,NY,220,3.799
61410,KWIK FILL #58,ST 15,Rochester                               ,NY,190,3.969
61410,KWIK FILL #58,ST 15,Rochester                               ,NY,190,3.999
61421,7-ELEVEN #40294,"I-80 WB, EXIT 139",Amherst,OH,249,3.53233333
61430,7-ELEVEN #40303,"I-90, EXIT 7",Clyde,OH,550,3.66233333
61431,7-ELEVEN #40304,"I-90, EXIT 7",Clyde,OH,550,3.66233333
61439,7-ELEVEN #40302,"I-75, EXIT 157",Genoa,OH,550,3.66233333
61449,7-ELEVEN #40297,"I-80, EXIT 13A",Mantua,OH,249,3.53233333
61450,7-ELEVEN #40298,I-80,Mantua,OH,249,3.53233333
61453,CITGO,"I-475, EXIT 6",Maumee,OH,550,3.499
61458,7-ELEVEN #40299,OHIO TNPK MM 237 & SR-26,New Springfield,OH,165,3.53233333
61459,7-ELEVEN #40300,"I-76, EXIT 157",New Springfield,OH,165,3.53233333
61461,S&G,"I-280, EXIT 7                 ",Oregon                                  ,OH,550,3.599
61477,CHOCTAW NATION GRANT #633,US-271,Grant,OK,253,2.999
61483,CM SILVER DOLLAR,"I-220, EXIT 7",Shreveport,LA,745,3.299
61492,SPRINGER TRAVEL PLAZA,I-35 EXIT 40,Springer,OK,253,2.91566666
61508,7-ELEVEN #40275,"I-70 & I-76 NB, MM 147",Bedford,PA,14,4.199
61509,7-ELEVEN #40275,"I-70/I-76 SB, MM 147",Bedford,PA,14,4.199
61511,MIDWAY FUEL AND TRUCK WASH,"I-78/US-22, EXIT 16",Bethel,PA,208,3.364
61515,Carlisle Fuel Stop,"I-81, EXIT 52",Carlisle,PA,70,3.359
61540,S&P Oil,US-13,Levittown,PA,160,3.81566666
61559,7-ELEVEN #40273,34 MILE WEST OF EXIT 11/146,Somerset,PA,168,4.20733333
61560,7-ELEVEN #40272,"I-70 & 76, EXIT 10",Somerset,PA,168,4.20733333
61567,7-ELEVEN #35774,"I-76, EXIT 5/48",Verona,PA,165,4.20733333
61569,KWIK FILL #295,US-6 BUS,Warren,PA,240,4.699
61570,7-ELEVEN #40276,"I-76, EXIT 12/161 & SR-655",Waterfall,PA,14,4.199
61571,7-ELEVEN #40280,MILE MARKER 55 NE EXT PENN TPKE,Allentown,PA,90,3.589
61594,SPINX #138 (DISCOUNT AVAILABLE),"I-85, EXIT 44",Greenville,SC,30,3.04233333
61595,CORNER MART 3338,"I-85, EXIT 44",Greenville,SC,30,2.907
61596,HOT SPOT #2009,US-25/US-178 & SR-225,Greenwood,SC,30,2.939
61597,SPINX #121,"I-85, EXIT 56",Greer,SC,30,3.16566666
61598,Shell,SR-41,Hemingway,SC,245,3.199
61599,HOT SPOT #2013,"I-26, EXIT 10",Inman,SC,210,3.149
61605,HOT SPOT #2028,US-76/US-301,Marion,SC,63,2.999
61616,PILOT #4578,"I-77, EXIT 48 & SC-200",Winnsboro,SC,135,3.409
61621,CUBBYS #401,"I-90 , EXIT 332 & SR-37",Mitchell,SD,530,3.149
61625,PRARIE STOP,US-212 & SR-20,Watertown,SD,566,3.279
61633,ECO TRAVEL PLAZA,"I-40, EXIT 320 & SR-298",Crossville,TN,405,3.02566666
61642,PILOT TRAVEL CENTERS #252,"I-35, EXIT 26",Kearney,MO,400,3.699
61646,SHELL,"I-40, EXIT 35 & SR-59",Mason,TN,435,3.549
61651,LEES FOOD MART #123,"I-81, EXIT 23 AT MILE 23",Bulls Gap,TN,405,3.259
61654,MAJOR MARKETS #276,US-51/SR-3,Ripley,TN,435,3.799
61656,PHILLIPS 66,US-51,Union City,TN,460,3.38233333
61660,MARATHON,"I-40, EXIT 108",Wildersville,TN,435,3.099
61684,WOODYS FOOD MART,"I-45 & SR-7, EXIT 164",Centerville,TX,670,2.84566666
61730,STRIPES 7FLEET #42430,"I-20, EXIT 131",Midland,TX,612,3.569
61747,TEX-BEST #504,"I-35, EXIT 141",Von Ormy                                ,TX,740,3.15733333
61751,ALLSUPS CONVENIENCE STORE #2264,SR-214,Seminole,TX,710,3.094
61761,ALLSUPS CONVENIENCE STORE #2304,"I-40, EXIT 36 & US-385",Vega,TX,585,2.999
61763,ALLSUPS CONVENIENCE STORE #2283,"I-20, EXIT 73",Wickett,TX,710,2.899
61787,DUCK THRU FOOD STORE #5,US-258,Franklin                                ,VA,180,3.499
61796,EXXON,US-220,Martinsville                            ,VA,185,3.375
61799,CIRCLE K #2723712,"I-77, EXIT 52 & US-52/SR-42",Bland,VA,185,3.37566666
61804,CARTERS ONE STOP,"I-95 & SR-301, EXIT 31 & SR-40",Stony Creek,VA,180,2.959
61806,LANKFORD TRUCK PLAZA,US-13 & CR-646,Townsend,VA,130,3.399
61819,CHEVRON,"I-5, EXIT 36",Longview,WA,935,4.499
61830,APPLETON TRAVEL PLAZA,SR-96,Appleton,WI,444,3.40566666
61832,BARRON FARMERS UNION,"US-8, EXIT 53",Barron,WI,545,3.639
61835,BRISTOL BP,"I-94, EXIT 345 & US-45",Bristol,WI,444,3.719
61843,KWIK TRIP #332,SR-33,Horicon,WI,444,3.21566666
61849,KWIK TRIP #306,"I-94, EXIT 259 & SR-89",Lake Mills,WI,420,3.43233333
61862,KWIK TRIP #781,SR-21,Redgranite,WI,582,3.35233333
61867,KWIK TRIP #318,SR-27 & SR-16/SR-71,Sparta,WI,515,3.34233333
61877,CASEYS #3715,SR-59,Whitewater,WI,420,3.299
61879,KWIK TRIP #347,SR-13,Wisconsin Rapids,WI,395,3.31233333
61880,KWIK TRIP #310,SR-13/SR-73,Wisconsin Rapids,WI,395,3.26233333
61908,CRANBROOK HUSKY,HWY 3/95,Cranbrook,BC,50,4.5076218
61908,CRANBROOK HUSKY,HWY 3/95,Cranbrook,BC,50,4.51093964
61908,CRANBROOK HUSKY,HWY 3/95,Cranbrook,BC,50,4.50861664
61968,FLYING J TRAVEL PLAZA #701,"I-35, EXIT 33",Ardmore,OK,253,3.659
61978,PETRO-CANADA,HWY 247,Etobicoke,ON,720,3.59147696
61978,PETRO-CANADA,HWY 247,Etobicoke,ON,720,3.5617793
61978,PETRO-CANADA,HWY 247,Etobicoke,ON,720,3.61667741
61978,PETRO-CANADA,HWY 247,Etobicoke,ON,720,3.62494257
61978,PETRO-CANADA,HWY 247,Etobicoke,ON,720,3.61827417
61978,PETRO-CANADA,HWY 247,Etobicoke,ON,720,3.62547711
61983,PETRO-CANADA,HWY 35,Orono                                   ,ON,720,3.59147696
61996,PETRO-CANADA,"HWY-402, EXIT 9 & CR-22",Sarnia                                  ,ON,620,3.34071441
61996,PETRO-CANADA,"HWY-402, EXIT 9 & CR-22",Sarnia                                  ,ON,620,3.31041527
61996,PETRO-CANADA,"HWY-402, EXIT 9 & CR-22",Sarnia                                  ,ON,620,3.31846981
61996,PETRO-CANADA,"HWY-402, EXIT 9 & CR-22",Sarnia                                  ,ON,620,3.31798054
61996,PETRO-CANADA,"HWY-402, EXIT 9 & CR-22",Sarnia                                  ,ON,620,3.31114588
61996,PETRO-CANADA,"HWY-402, EXIT 9 & CR-22",Sarnia                                  ,ON,620,3.31187682
61998,PETRO-CANADA,HWY 417,Gloucester                              ,ON,400,3.72804545
61998,PETRO-CANADA,HWY 417,Gloucester                              ,ON,400,3.7854
61998,PETRO-CANADA,HWY 417,Gloucester                              ,ON,400,3.82084539
61998,PETRO-CANADA,HWY 417,Gloucester                              ,ON,400,3.72886824
61998,PETRO-CANADA,HWY 417,Gloucester                              ,ON,400,3.75865199
61998,PETRO-CANADA,HWY 417,Gloucester                              ,ON,400,3.82028205
62008,LOVES TRAVEL STOP #366,"I-81, EXIT 90",Jonestown,PA,70,3.85733333
62016,PETRO-CANADA,"HWY-400, EXIT 29 & HWY-407, EXIT 67",Concord,ON,720,3.42329404
62016,PETRO-CANADA,"HWY-400, EXIT 29 & HWY-407, EXIT 67",Concord,ON,720,3.3668422
62016,PETRO-CANADA,"HWY-400, EXIT 29 & HWY-407, EXIT 67",Concord,ON,720,3.45750874
62016,PETRO-CANADA,"HWY-400, EXIT 29 & HWY-407, EXIT 67",Concord,ON,720,3.43010883
62016,PETRO-CANADA,"HWY-400, EXIT 29 & HWY-407, EXIT 67",Concord,ON,720,3.42178332
62016,PETRO-CANADA,"HWY-400, EXIT 29 & HWY-407, EXIT 67",Concord,ON,720,3.39643942
62075,FLYING J TRAVEL PLAZA #657,US-283/US-50/US-56 & US-400,Dodge City,KS,570,3.799
62097,FLASH MARKET #17046,US-65/SR-9,Clinton,AR,695,3.239
62211,STUBS GAS AND OIL,"I-76, EXIT 66",Wiggins                                 ,CO,800,3.559
62238,Circle K #2726278,SR-207,Hastings,FL,75,3.569
62283,Circle K #2745099,US-23 & US-341/SR-27,Hazlehurst,GA,195,3.529
62316,BP,US-20,Delaware,IA,335,3.299
62355,MINIT MART #600630,"I-39, EXIT 14",El Paso,IL,368,3.679
62355,MINIT MART #600630,"I-39, EXIT 14",El Paso,IL,368,3.599
62370,7-ELEVEN #34712,I-90 Exit 24,Belvidere,IL,290,3.739
62399,Rebel Plus #882,"I-80, EXIT 101",Bristol,IN,465,3.57566666
62462,HAWESWAY TRUCKSTOP,US-60,Owensboro,KY,487,3.599
62467,SUPER QUIK #9,"I-64, EXIT 181",Ashland,KY,255,3.669
62480,CM GALLIANO,US-167,Cut Off,LA,725,3.499
62487,Fred's Food Mart,US-61,Saint Francisville,LA,600,3.799
62500,CASH MAGIC VINTON,"I-10, EXIT 4 & SR-109",Vinton,LA,690,3.284
62547,MARATHON,SR-32W,Gaylord,MI,287,3.799
62550,Sunoco,"I-275, EXIT 11",New Boston                              ,MI,325,3.399
62550,Sunoco,"I-275, EXIT 11",New Boston                              ,MI,325,3.439
62559,EXPRESS FOOD DEPOT,"I-94, EXIT 266",Smiths Creek,MI,325,3.629
62559,EXPRESS FOOD DEPOT,"I-94, EXIT 266",Smiths Creek,MI,325,3.659
62559,EXPRESS FOOD DEPOT,"I-94, EXIT 266",Smiths Creek,MI,325,3.719
62560,ONE9 #23,"I-96, EXIT 67",Ionia,MI,406,3.499
62560,ONE9 #23,"I-96, EXIT 67",Ionia,MI,406,3.439
62701,PILOT TRAVEL CENTERS #408,"I-68, EXIT 22",Grantsville,MD,14,4.259
62710,TOWN PUMP FOOD STORE #922,"I-90, EXIT 370 &SR-10",Big Timber                              ,MT,780,3.479
62753,PETRO SERVE USA,US-10,West Fargo,ND,341,3.029
62768,PUMP & PANTRY #34,US-20 & SR-27,Gordon,NE,475,3.449
62774,MR MIKES MINI MART,SR-9,Northwood                               ,NH,34,3.599
62790,7-ELEVEN #40084,US-46/US-1/US-9,Palisades Park,NJ,115,3.099
62800,A ONE TRUCK STOP,US-9,South Amboy,NJ,79,3.499
62817,LOVES TRAVEL STOP #364,I-75 EXIT 33,Charleston,TN,285,3.589
62824,FLYING J TRAVEL PLAZA #1005,"I-80, EXIT 48",Fernley,NV,966,3.91566666
62841,SPEEDWAY #9912,"I-81, EXIT 10",Mc Graw,NY,32,4.309
62844,CIRCLE K #4707612,"I-81, EXIT 14",Tully,NY,220,3.799
62844,CIRCLE K #4707612,"I-81, EXIT 14",Tully,NY,220,4.299
62850,GANSEVOORT MINI MART,"I-87, EXIT 17",Gansevoort,NY,12,3.759
62850,GANSEVOORT MINI MART,"I-87, EXIT 17",Gansevoort,NY,12,3.779
62887,SPEEDWAY #9367,"I-275, EXIT 42",Cincinnati,OH,300,3.12566666
62911,DAVIS TRAVEL CENTER #108,"I-85, EXIT 39",Warfield,VA,180,3.099
62918,CIRCLE K #4705567,ST 91,Twinsburg,OH,305,3.63233333
62991,ONVO TRAVEL PLAZA,"I-84, EXIT 17",Lake Ariel,PA,200,3.58566666
62996,MARTIN GENERAL STORE,US-22,Alexandria,PA,14,3.539
63013,TA WEST GREENWICH,"I-95, EXIT 5B",West Greenwich,RI,175,3.76566666
63018,CIRCLE K #2723354,"I-526, EXIT 18A & US-78",Charleston,SC,42,3.299
63126,PWI #120,"I-10, EXIT 593",Schertz,TX,740,2.92566666
63193,Shell,US-29,Warrenton,VA,60,3.25733333
63211,OMAK MART,US-97 & SR-215,Omak,WA,970,4.149
63246,Petro Stopping Center #368,"I-94, EXIT 333",Sturtevant,WI,444,3.889
63313,MARION TRAVEL CENTER,I-55 EXIT 14,Marion                                  ,AR,435,3.199
63330,CIRCLE K #2723678,SR-53,Rome,GA,18,3.06233333
63336,ROAD RANGER #118,"I-72 & I-55, EXIT 100-A",Springfield,IL,318,3.299
63336,ROAD RANGER #118,"I-72 & I-55, EXIT 100-A",Springfield,IL,318,3.409
63349,FLYING J TRAVEL PLAZA #662,"I-24, EXIT 86",Oak Grove,KY,415,3.15233333
63351,76 FUEL CENTER,"I-75, EXIT 76",Berea,KY,410,2.999
63353,LOVES TRAVEL STOP #367,"I-74, EXIT 149",Le Roy,IL,280,3.589
63353,LOVES TRAVEL STOP #367,"I-74, EXIT 149",Le Roy,IL,280,3.549
63353,LOVES TRAVEL STOP #367,"I-74, EXIT 149",Le Roy,IL,280,3.489
63353,LOVES TRAVEL STOP #367,"I-74, EXIT 149",Le Roy,IL,280,3.389
63376,Circle K #2746246,US-169 & SR-41,Shakopee,MN,448,3.599
63379,Petro Stopping Center #460,"I-70, EXIT 28",Oak Grove,MO,400,3.21233333
63388,CIRCLE K #2723471,"I-95, EXIT 121",Wilson,NC,205,3.199
63391,FLYING J TRAVEL PLAZA #687,"I-80, EXIT 179",North Platte,NE,475,3.449
63409,FLYING J TRAVEL PLAZA #693,"I-90, EXIT 48A; PEMBROKE, NY",Corfu,NY,38,3.889
63428,FLYING J TRAVEL PLAZA #702,"I-40, EXIT 264B",Checotah                                ,OK,560,3.699
63442,Flying J Travel Plaza #720,"I-40, EXIT 182",Fairview                                ,TN,460,3.18566666
63455,FLYING J TRAVEL PLAZA #752,"I-81, EXIT 323",Clear Brook,VA,60,3.659
63456,SHELL,"I-85, EXIT 61",Petersburg,VA,180,3.20066666
63495,DECAUTER SHELL TRUCK STOP,"I-35, EXIT 369",Decatur,TX,637,2.91566666
63498,PILOT #6955,I-40/I-85 EXIT 150,Haw River,NC,65,3.959
63500,SPEEDWAY #8723,"I-75, EXIT 144B",Bridgeport,MI,342,3.379
63500,SPEEDWAY #8723,"I-75, EXIT 144B",Bridgeport,MI,342,3.249
63500,SPEEDWAY #8723,"I-75, EXIT 144B",Bridgeport,MI,342,3.259
63500,SPEEDWAY #8723,"I-75, EXIT 144B",Bridgeport,MI,342,3.469
63501,LOVES TRAVEL STOP #407,I-81 EXIT 52B OR I-76 EXIT 226,Carlisle,PA,70,4.099
63502,FLYING J TRAVEL PLAZA #704,I-35 & 122ND ST,Edmond,OK,483,3.30566666
63506,KWIK TRIP #342,"I-39, EXIT 159",Stevens Point,WI,395,3.559
63509,PILOT #4557,"I-85, EXIT 166",Carnesville,GA,16,3.17233333
63509,PILOT TRAVEL CENTER #4557,"I-85, EXIT 166",Carnesville,GA,16,3.239
63510,PILOT #4584,"I-95, EXIT 181",Latta,SC,63,3.349
63511,PILOT #4576,"I-95, EXIT 82",Saint George,SC,42,3.519
63512,SPEEDWAY #7929,"I-40, EXIT 208",Colfax,NC,65,2.854
63516,SHEETZ #701,"I-81, EXIT 273",Mount Jackson,VA,60,2.874
63517,TA LINCOLN TRAVEL CENTER,"I-20, EXIT 168 & SR-77",Lincoln,AL,615,3.084
63519,PILOT TRAVEL CENTERS #243,"I-64, EXIT 45 & SR-25",Nitro,WV,44,3.62566666
63522,Pilot Travel Centers #411,"I-40, EXIT 238 & US-231",Lebanon,TN,460,3.24566666
63523,PILOT TRAVEL CENTER #441,"I-65, EXIT 334",Decatur,AL,615,3.859
63523,PILOT TRAVEL CENTERS #441,"I-65, EXIT 334",Decatur,AL,615,3.859
63524,PILOT TRAVEL CENTER #416,"I-75/SR-401, EXIT 101",Cordele,GA,10,3.28566666
63524,PILOT TRAVEL CENTERS #416,"I-75/SR-401, EXIT 101",Cordele,GA,10,3.33233333
63530,BIG EASY TRAVEL PLAZA,"I-10, EXIT 239-B",New Orleans,LA,725,3.799
63532,FUELSMART,SR-165,Muskogee,OK,560,3.25233333
63533,FLYING J TRAVEL PLAZA #638,"I-84, EXIT 29",Caldwell,ID,785,3.78733333
63538,SUAMICO CITGO,"US-41/US-141, EXIT 176 & CR-B",Suamico,WI,360,3.269
63540,GAS N GO,"I-75, EXIT 149",Byron,GA,85,3.17233333
63545,LOVES TRAVEL STOP #397,"I-85, EXIT 104",Blacksburg,SC,210,3.419
63546,CITGO QUIK MART,SR/15 & SR-68,Tennille                                ,GA,85,3.46566666
63563,PILOT TRAVEL CENTERS #209,"I-10, EXIT 140",Van Horn                                ,TX,640,3.659
63564,PILOT TRAVEL CENTERS #213,"I-70, EXIT 94 (WILSON ROAD)",Columbus,OH,315,3.509
63565,LOVES TRAVEL STOP #296,"I-8, EXIT 115 & SR-85",Gila Bend,AZ,930,3.889
63566,PORT ALLEN TRUCKSTOP,"I-10, EXIT 151 & SR-415",Port Allen,LA,600,3.259
63568,FLYING J TRAVEL PLAZA #658,"I-35, EXIT 127",Emporia,KS,336,3.25233333
63569,Flying J Dealer #893,"I-80, EXIT 40 (US-59)",Avoca,IA,319,3.659
63569,PILOT TRAVEL CENTERS #893,"I-80, EXIT 40 (US-59)",Avoca,IA,319,3.659
63570,PILOT TRAVEL CENTERS #287,"I-71, EXIT 204 & SR-83",Burbank,OH,305,3.699
63571,Palace Truckstop,"I-10, EXIT 246 & I-510, EXIT 2C",New Orleans,LA,725,3.299
63572,PILOT TRAVEL CENTER #211,"I-40, EXIT 9 & SR-95",Lake Havasu City,AZ,910,3.849
63572,PILOT TRAVEL CENTERS #211,"I-40, EXIT 9 & SR-95",Lake Havasu City,AZ,910,3.999
63574,PILOT TRAVEL CENTERS #232,"I-84, EXIT 376A",Ontario,OR,982,3.699
63575,OKEMAH TRAVEL CENTER,"I-40, EXIT 221 (ST 27)",Okemah,OK,483,2.879
63577,PILOT TRAVEL CENTERS #236,"I-80, EXIT 122",Minooka,IL,290,3.799
63577,PILOT TRAVEL CENTER #236,"I-80, EXIT 122",Minooka,IL,290,3.799
63579,301 PLAZA,US-301 & SR-299,Middletown,DE,243,3.239
63580,FLYING J TRAVEL PLAZA #637,"I-380, EXIT 68",Evansdale,IA,565,3.779
63581,CASEYS #4453,"I-75, EXIT 120",Lexington,KY,410,3.224
63582,T BONE TRUCK STOP,US-30,Columbus                                ,NE,313,3.099
63583,CUBBYS #110,"I-80, EXIT 353",Columbus                                ,NE,313,3.179
63584,PILOT TRAVEL CENTERS #417,"I-20, EXIT 19",Temple,GA,18,3.449
63584,PILOT TRAVEL CENTER #417,"I-20, EXIT 19",Temple,GA,18,3.389
63586,LOVES TRAVEL STOP #295,US-412 & US-69,Chouteau,OK,560,3.29066666
63587,24/7 TRAVEL PLAZA,"I-135, EXIT 92",Salina,KS,523,2.974
63588,KWIK TRIP #686,"I-94, EXIT 333/US-41 & SR-20",Sturtevant,WI,444,3.769
63594,PILOT TRAVEL CENTERS #49,"I-24, EXIT 89",Oak Grove,KY,415,3.15233333
63595,SPEEDWAY #5236,"I-75, EXIT 122",Lima,OH,411,3.25566666
63596,PILOT TRAVEL CENTERS #442,"I-55, EXIT 19",Hayti                                   ,MO,275,3.25566666
63597,PILOT TRAVEL CENTERS #163,"I-10, EXIT 24",Lordsburg,NM,640,3.439
63598,PILOT TRAVEL CENTERS #164,"I-90/I-94, EXIT 69 & SR-82",Mauston,WI,420,3.299
63599,PWI #978,"I-215, EXIT 21",Salt Lake City,UT,835,3.359
63600,PILOT TRAVEL CENTERS #77,"I-55 /I-20, EXIT 45",Jackson,MS,760,3.149
63601,PILOT TRAVEL CENTERS #206,"I-20, EXIT 406",Weatherford,TX,630,3.209
63602,LOVES TRAVEL STOP #285,I-40 EXIT 277,Santa Rosa,NM,580,3.474
63603,LOVES TRAVEL STOP #290,US-59/US-69/S LOOP 287 & FM-841,Lufkin,TX,610,3.649
63603,LOVES TRAVEL STOPS #290,US-59/US-69/S LOOP 287 & FM-841,Lufkin,TX,610,3.649
63604,7-ELEVEN #40363,US-17/SR-15 & SR-100,Palatka,FL,75,3.364
63605,FLYING J TRAVEL PLAZA #663,"I-64, EXIT 43 & SR-395",Waddy,KY,415,3.759
63606,FLYING J TRAVEL PLAZA #652,"I-65/US-52, EXIT 139 & SR-39",Lebanon,IN,375,3.64066666
63607,ROAD RANGER #209,"I-90/94,  EXIT 48",Oakdale,WI,420,3.234
63608,ROAD RANGER #206,US-20,Winnebago,IL,520,3.219
63608,ROAD RANGER #206,US-20,Winnebago,IL,520,3.289
63608,ROAD RANGER #206,US-20,Winnebago,IL,520,3.299
63609,ROAD RANGER #203,US-20 & SR-2,Rockford,IL,520,3.219
63609,ROAD RANGER #203,US-20 & SR-2,Rockford,IL,520,3.289
63609,ROAD RANGER #203,US-20 & SR-2,Rockford,IL,520,3.299
63612,FLYING J TRAVEL PLAZA #622,"I-95/SR-9, EXIT 131 & SR-68 & SR-713",Fort Pierce,FL,95,3.499
63613,FLYING J TRAVEL PLAZA #690,"I-10/US-70, EXIT 24",Lordsburg,NM,640,3.439
63614,PILOT TRAVEL CENTERS #446,"I-69, EXIT 234",Daleville,IN,457,3.514
63614,PILOT TRAVEL CENTER #446,"I-69, EXIT 234",Daleville,IN,457,3.649
63615,One9 #1413,"I-81, EXIT 101",Dublin,VA,185,3.24233333
63616,SPEEDWAY #8876,"US-23, EXIT 50",Whitmore Lake,MI,342,3.499
63616,SPEEDWAY #8876,"US-23, EXIT 50",Whitmore Lake,MI,342,3.749
63619,PILOT TRAVEL CENTERS #428,"I-20, EXIT 112",West Monroe                             ,LA,760,3.20566666
63620,LOVES TRAVEL STOP #420,"I-20, EXIT 47",Flowood,MS,620,3.149
63621,FUEL CITY FRIENDLYS,"I-35E, EXIT 435",Dallas,TX,630,2.96566666
63623,PILOT TRAVEL CENTER #90,"I-95/SR-9, EXIT 129 & SR-91, EXIT 152 & SR-70",Fort Pierce,FL,95,3.519
63623,PILOT TRAVEL CENTERS #90,"I-95/SR-9, EXIT 129 & SR-91, EXIT 152 & SR-70",Fort Pierce,FL,95,3.459
63624,FROG CITY TRAVEL PLAZA,"I-10, EXIT 87",Rayne                                   ,LA,690,3.36566666
63625,FLYING J TRAVEL PLAZA #688,"I-295, DEEP WATER STREET",Penns Grove,NJ,243,3.989
63627,PILOT TRAVEL CENTERS #174,I-78 & SR-15,New Albany,MS,435,3.859
63628,PILOT TRAVEL CENTERS #75,"I-65, EXIT 19 & US-43/SR-13",Satsuma,AL,715,3.199
63628,PILOT TRAVEL CENTER #75,"I-65, EXIT 19 & US-43/SR-13",Satsuma,AL,715,3.195
63629,SPEEDWAY #4523,"I-94, EXIT 88",Osseo,WI,448,3.54566666
63630,TA DENVER EAST TRAVEL CENTER,"I-70 & I-270, EXIT 278",Commerce City,CO,800,3.37566666
63635,SAPP BROS TRAVEL CENTER,"I-70, EXIT 295",Junction City,KS,523,3.709
63636,PILOT TRAVEL CENTER #279,"I-19, EXIT 12 & SR-289",Rio Rico,AZ,980,3.614
63636,PILOT TRAVEL CENTERS #279,"I-19, EXIT 12 & SR-289",Rio Rico,AZ,980,3.659
63637,PILOT TRAVEL CENTERS #454,"I-70, EXIT 79",London                                  ,OH,315,3.509
63639,PILOT TRAVEL CENTERS #444,"I-70, EXIT 23",Brazil                                  ,IN,375,3.939
63639,PILOT TRAVEL CENTER #444,"I-70, EXIT 23",Brazil                                  ,IN,375,3.939
63640,SUPER EXPRESS STOP,"I-64, EXIT 113",Mount Sterling,KY,410,3.859
63641,FLYING J TRAVEL PLAZA #625,"I-4/SR-400, EXIT 10 & SR-579",Seffner,FL,225,3.44233333
63642,COLTS QUICK DRAW,"I-40, EXIT 125 & US-65/SR-25",Greenbrier,AR,695,3.30733333
63648,CIRCLE K #2723333,"I-75, EXIT 216",Mcdonough,GA,67,3.209
63649,ONE TRIP,US-84,Homerville,GA,10,3.44233333
63651,CIRCLE K #2723346,US-29/S8,Athens,GA,16,3.399
63652,CASEYS #3292,"I-380, EXIT 43 & US-20",Independence,IA,380,3.599
63653,FLYING J TRAVEL PLAZA #760,US-30 & SR-232,Cokeville,WY,835,3.899
63661,FLYING J TRAVEL PLAZA #677,"US-78, EXIT 6",Olive Branch,MS,435,3.28566666
63662,PILOT TRAVEL CENTERS #267,"I-75, EXIT 146",Byron                                   ,GA,85,3.36566666
63662,PILOT TRAVEL CENTER #267,"I-75, EXIT 146",Byron                                   ,GA,85,3.38566666
63667,CIRCLE K #2723875,SR-41/SR-45,Jamestown,SC,42,2.974
63668,PILOT #4579,"I-26, EXIT 139",Saint Matthews,SC,135,3.509
63669,One9 #1248,"I-45, EXIT 271",Wilmer,TX,630,2.75566666
63671,WESTERN TRAVEL TERMINAL,US-26 & US-85,Torrington                              ,WY,795,3.399
63676,CORNER EXPRESS,ST 55,Wellston                                ,MI,456,3.499
63680,ALLTOWN MARKETS-FLYING J #896,I-93 EXIT 11 & SR 3A,Bow,NH,39,4.099
63685,RIVER HEIGHTS GROCERY,US-64/SR-69/SR-15,Crump                                   ,TN,435,3.099
63690,LOVES TRAVEL STOP #277,"I-30, EXIT 46",Prescott,AR,635,3.47566666
63691,JIMMIES AUTO TRUCK PLAZA,"I-10, EXIT 262",Lee,FL,20,3.84733333
63694,PILOT TRAVEL CENTERS #261,"I-55, EXIT 186",Winona,MS,576,3.499
63695,FLYING J TRAVEL PLAZA #634,"I-20/SR-402, EXIT 19 & SR-113",Temple,GA,18,3.419
63697,MILLER MART #40,"I-64, EXIT 255B",Newport News,VA,130,3.30566666
63699,DEWITT TRAVEL MART,"US-30, EXIT 313",De Witt,IA,270,3.599
63700,WIXOM FUEL STOP,"I-96, EXIT 159",Wixom,MI,325,3.999
63701,FLYING J TRAVEL PLAZA #742,"I-80, EXIT 98/99",Tooele                                  ,UT,835,3.759
63702,QUICK FUEL #2501,"I-264, EXIT 14",Louisville,KY,415,3.08233333
63703,QUICK FUEL #2303,"I-71, EXIT 104/FRANK RD EXIT",Columbus,OH,315,3.56566666
63704,QUICK FUEL #2301,"I-275, EXIT 44",Cincinnati,OH,300,3.239
63706,QUICK FUEL #1003,"I-41/US-45, EXIT 45 & CR-EE",Milwaukee,WI,444,3.42566666
63715,FLYING J TRAVEL PLAZA #772,"I-215, EXIT 28",North Salt Lake                         ,UT,835,3.73233333
63716,EXPRESS LANE #34,"I-39, EXIT 115",Rockford,IL,520,3.549
63716,EXPRESS LANE #34,"I-39, EXIT 115",Rockford,IL,520,3.749
63718,ROAD RANGER #210,"I-39/US-51, EXIT 99 & SR-38",Rochelle,IL,520,3.699
63720,FLYING J TRAVEL PLAZA #611,"I-10, EXIT 137",Phoenix,AZ,930,3.589
63721,ROAD RUNNER TRAVEL CENTER,I-69E/US-77 & CR-892,Robstown,TX,625,3.349
63722,LOVES TRAVEL STOP #240,"I-10, EXIT 151 & SR-415",Port Allen,LA,600,3.23233333
63724,LOVES TRAVEL STOP #244,"I-40, EXIT 87 & US-70/US-412",Jackson,TN,435,3.49733333
63725,TA CARTERSVILLE TRAVEL CENTER,"I-75, EXIT 296",Cartersville,GA,18,3.599
63726,FLYING J TRAVEL PLAZA #706,"I-44 & I-244, EXIT 236",Tulsa,OK,560,3.36566666
63727,LOVES TRAVEL STOP #403,"I-81, EXIT 3",Binghamton,NY,32,3.719
63727,LOVES TRAVEL STOP #403,"I-81, EXIT 3",Binghamton,NY,32,3.749
63727,LOVES TRAVEL STOP #403,"I-81, EXIT 3",Binghamton,NY,32,3.689
63727,LOVES TRAVEL STOP #403,"I-81, EXIT 3",Binghamton,NY,32,3.679
63728,PILOT TRAVEL CENTERS #43,"I-80, EXIT 284",Walcott,IA,270,3.88566666
63728,PILOT TRAVEL CENTER #43,"I-80, EXIT 284",Walcott,IA,270,3.859
63729,PILOT TRAVEL CENTERS #147,"I-80, EXIT 410",West Wendover                           ,NV,835,3.709
63730,PILOT TRAVEL CENTERS #309,"I-77, EXIT 25",Caldwell,OH,430,3.65233333
63731,LOVES TRAVEL STOP #243,"I-10, EXIT 43 & SR-383",Iowa,LA,690,3.58733333
63732,LOVES TRAVEL STOP #265,"I-10, EXIT 200",Eloy,AZ,930,3.434
63734,CIRCLE K #2723472,US-70 & SR-58,Kinston,NC,63,3.319
63736,PLATEAU TRUCK AND AUTO CENTER,"I-10, EXIT 159",Van Horn                                ,TX,640,3.099
63737,I 10 DUSON TRUCK STOP,"I-10, AUSTRIA ROAD",Duson,LA,730,3.41066666
63738,U STOP 33,US-77,Beatrice,NE,413,3.399
63740,CIRCLE K #2723478,US-29,Blairs,VA,185,3.439
63741,SHELL,"I-295, EXIT 15",Chester,VA,180,3.20233333
63743,PILOT TRAVEL CENTERS #370,"I-81, EXIT 175",Pittston,PA,200,4.17566666
63744,PILOT TRAVEL CENTERS #439,"I-24, EXIT 86",Oak Grove,KY,415,3.15233333
63745,PILOT TRAVEL CENTER #447,"I-64, EXIT 25",Haubstadt,IN,340,3.959
63745,PILOT TRAVEL CENTERS #447,"I-64, EXIT 25",Haubstadt,IN,340,3.959
63746,PILOT TRAVEL CENTERS #453,"I-85, EXIT 90",Gaffney,SC,210,3.429
63747,PILOT TRAVEL CENTERS #440,"I-71, EXIT 28",Pendleton,KY,415,3.759
63751,PETRO STOPPING CENTER #328,"I-20 & I-55, EXIT 45",Jackson,MS,620,3.109
63752,MR FUEL #732,"I-80, EXIT 226",Girard,OH,573,3.239
63753,PILOT TRAVEL CENTER #4558,"I-75, EXIT 318",Calhoun,GA,285,3.28566666
63753,PILOT #4558,"I-75, EXIT 318",Calhoun,GA,285,3.30566666
63754,U SAVE TRAVEL PLAZA,US-19 & SR-129,Mount Nebo,WV,44,3.599
63755,PILOT TRAVEL CENTERS #196,"I-40, EXIT 325 & US-64",Roland,OK,645,3.739
63756,PILOT TRAVEL CENTERS #144,"I-20, EXIT 200",Augusta,GA,135,3.859
63756,PILOT TRAVEL CENTER #144,"I-20, EXIT 200",Augusta,GA,135,3.859
63759,BUFFALO RANCH,US/69/US-60 & US-59,Afton,OK,560,3.099
63760,CASH MAGIC CITGO HOUMA,I-57,Houma,LA,725,3.56566666
63761,7Fleet #46589,"I-94/US-52, EXIT 205 & SR-241",Saint Michael,MN,448,3.309
63762,MINIT MART #600643,"I-57, EXIT 322",Manteno,IL,290,3.299
63762,MINIT MART #600643,"I-57, EXIT 322",Manteno,IL,290,3.399
63762,MINIT MART #600643,"I-57, EXIT 322",Manteno,IL,290,3.249
63763,Flying J Travel Plaza #644,"I-80, EXIT 77 & SR-351",La Salle,IL,290,3.599
63763,Flying J Travel Plaza #644,"I-80, EXIT 77 & SR-351",La Salle,IL,290,3.399
63763,Flying J Travel Plaza #644,"I-80, EXIT 77 & SR-351",La Salle,IL,290,3.459
63763,Flying J Travel Plaza #644,"I-80, EXIT 77 & SR-351",La Salle,IL,290,3.299
63764,LOVES TRAVEL STOP #288,"I-45, EXIT 198 & US-84",Fairfield,TX,765,3.429
63766,PILOT TRAVEL CENTERS #26,"US-23, EXIT 5 & US-223",Ottawa Lake,MI,325,3.599
63766,PILOT TRAVEL CENTERS #26,"US-23, EXIT 5 & US-223",Ottawa Lake,MI,325,3.659
63766,PILOT TRAVEL CENTERS #26,"US-23, EXIT 5 & US-223",Ottawa Lake,MI,325,3.579
63766,PILOT TRAVEL CENTERS #26,"US-23, EXIT 5 & US-223",Ottawa Lake,MI,325,3.649
63767,HOP-IN FOOD STORES,I-27 & FM-1729,New Deal,TX,700,2.92566666
63768,PILOT TRAVEL CENTERS #443,"I-70, EXIT 49",Higginsville,MO,400,3.23566666
63770,FLYING J TRAVEL PLAZA #694,"I-90, EXIT 223",Austinburg,OH,305,3.859
63771,FLYING J FUEL STOP #572,"I-35, EXIT 144",Williams                                ,IA,433,3.699
63771,FLYING J TRAVEL PLAZA #572,"I-35, EXIT 144",Williams                                ,IA,433,3.699
63773,QUIKTRIP #179,ST 152,Liberty,MO,400,2.999
63774,PILOT TRAVEL CENTERS #150,"I-70, EXIT 24 &SR-63",Hagerstown,MD,22,3.959
63775,FLYING J #646,"I-90/39, EXIT 1 & US-51 & SR-75",South Beloit,IL,290,3.799
63775,FLYING J TRAVEL PLAZA #646,"I-90/39, EXIT 1 & US-51 & SR-75",South Beloit,IL,290,3.799
63776,KWIK TRIP #334,US-169/SR-60,Mankato,MN,425,3.549
63777,KWIK TRIP #403,"I-35, EXIT 45",Owatonna,MN,425,3.499
63778,KWIK TRIP #662,SR-55/SR-149,Saint Paul,MN,451,3.629
63781,Pilot Travel Centers #8,US-23 & PITTSBURG RD,Circleville,OH,315,3.799
63782,FUEL EXPRESSO #11,"I-35, EXIT 155",Lebo,KS,400,3.17233333
63787,LOVES TRAVEL STOP #402,"I-10, EXIT 44",Biloxi,MS,715,3.449
63789,PILOT TRAVEL CENTER #448,"I-65, EXIT 240",Hebron,IN,365,3.599
63789,PILOT TRAVEL CENTERS #448,"I-65, EXIT 240",Hebron,IN,365,3.354
63790,PILOT TRAVEL CENTERS #412,"I-81, EXIT 4",White Pine,TN,405,3.699
63791,PILOT TRAVEL CENTERS #432,"I-35, EXIT 328",Waco,TX,765,3.22066666
63792,PILOT TRAVEL CENTER #424,"I-75, EXIT 358",Ocala,FL,140,3.41233333
63792,PILOT TRAVEL CENTERS #424,"I-75, EXIT 358",Ocala,FL,140,3.359
63793,HUTCH'S #113,US-183 & US-270/SR-15,Woodward,OK,483,2.999
63794,PILOT TRAVEL CENTERS #157,"I-30, EXIT 122",Sulphur Springs,TX,723,3.309
63795,LOVES COUNTRY STORE #022,US-412,Clayton,NM,585,3.414
63796,PETRO STOPPING CENTER #329,"I-40/I-85, EXIT 157",Mebane,NC,65,3.999
63798,PETRO GLADE SPRING #372,"I-81, EXIT 29",Glade Spring,VA,405,3.58733333
63799,LOVES TRAVEL STOP #204,US-69 BUS & US-69,Eufaula,OK,560,3.689
63800,PILOT TRAVEL CENTER #255,"I-95, EXIT 40",Milford,CT,73,4.299
63800,PILOT TRAVEL CENTERS #255,"I-95, EXIT 40",Milford,CT,73,4.299
63801,PILOT #1126,"I-435, EXIT 55 & SR-210",Kansas City,MO,400,3.38233333
63802,CARTERS TRAVEL CENTER,"I-40, EXIT 201N",Flagstaff                               ,AZ,930,3.689
63803,KOUNTRY XPRESS,"I-40, EXIT 20",Mulberry                                ,AR,645,3.27233333
63805,TEX-BEST #519,US-281 & US-281 BUS & CR-1930,Alice,TX,625,2.899
63812,PETRO STOPPING CENTER #330,"I-65, EXIT 86",Glendale,KY,415,3.599
63813,TA SAN ANTONIO TRAVELCENTER,"I-10 & FOSTER RD, EXIT 583",San Antonio,TX,740,3.20733333
63828,CIRCLE K #2723654,US-431,Boaz,AL,587,3.519
63829,CALERA CHEVRON,SR-25,Calera,AL,615,3.199
63836,Double Bees #109,"I-40, EXIT 183",Carlisle,AR,695,3.139
63841,MAGNOLIA TRAVEL CENTER,US-82 & US-371,Magnolia,AR,635,3.599
63846,71 EXPRESS,US-71,Mansfield,AR,645,3.33233333
63848,CIRCLE K #2706345,"I-30, EXIT 2",Texarkana,AR,723,3.479
63850,PILOT TRAVEL CENTER #180,"I-40, EXIT 185",Bellemont,AZ,930,3.609
63850,PILOT TRAVEL CENTERS #180,"I-40, EXIT 185",Bellemont,AZ,930,3.639
63854,E-Z MART #4437,US-71,Boles,AR,645,3.299
63855,LOVES TRAVEL STOP #460,"I-10, EXIT 302",Benson,AZ,980,3.279
63856,PILOT #1175,"I-17, EXIT 262 & SR-69",Mayer,AZ,930,3.699
63856,PILOT TRAVEL CENTER #1175,"I-17, EXIT 262 & SR-69",Mayer,AZ,930,3.6915
63870,CIRCLE K #2744074,"I-270/US-36, EXIT 4",Commerce City,CO,800,3.45566666
63871,Alta Convenience Store #6317,"I-70, EXIT 19",Fruita,CO,810,3.399
63876,Mobil,"FL TURNPIKE,  EXIT 244",Kissimmee,FL,225,3.449
63887,QUIKTRIP #757,"I-79/SR-401, EXIT 306 & SR-140",Adairsville,GA,193,2.88733333
63893,QUICK FUEL #2204,"I-285, EXIT 58/SR-407 & I-75, EXIT 237/SR-401",Atlanta,GA,18,3.27566666
63894,CIRCLE K #2723653,"I-75, EXIT 124",Cartersville,GA,193,3.224
63895,KWIK SERV #17,"I-75, EXIT 136",Chatsworth,GA,193,3.499
63904,SUNOCO,"I-95, EXIT 19",Savannah,GA,195,3.63233333
63907,QUIKTRIP #737,"I-85, EXIT 137",Jefferson,GA,16,3.119
63909,GAS2GO,"I-95, EXIT 6",Kingsland,GA,75,3.109
63910,OGMULGEE CHEVRON #419,"I-16, EXIT 6",Macon,GA,85,3.399
63912,PILOT TRAVEL CENTER #4562,"I-95, EXIT 1",Kingsland,GA,75,3.57233333
63912,PILOT #4562,"I-95, EXIT 1",Kingsland,GA,75,3.559
63914,CIRCLE M #12,US-23/SR-365 & SR-52,Lula                                    ,GA,18,3.539
63915,HIGHWAY 80 CHEVRON,"I-185, EXIT 7",Midland                                 ,GA,50,3.399
63922,THOMASVILLE TRAVEL CENTER,US-84 & SR-3,Thomasville,GA,20,3.18066666
63925,PILOT #4561,"I-75, EXIT 11",Valdosta,GA,20,3.359
63925,PILOT TRAVEL CENTER #4561,"I-75, EXIT 11",Valdosta,GA,20,3.28566666
63931,LOVES TRAVEL STOP #371,"I-95, EXIT 190",Dillon,SC,46,3.33066666
63937,CUBBYS #305,"I-29, EXIT 10 & SR-2",Percival,IA,319,3.694
63938,CUBBYS #301,US-34 & SR-48,Red Oak,IA,319,3.399
63942,Discount Zone,"I-10, EXIT CLEARVIEW",New Orleans,LA,725,3.279
63946,MINIT MART #600644,"I-80, EXIT 134",Joliet,IL,399,3.599
63955,ROAD RANGER #266,"I-72, EXIT 82 & CR-10",New Berlin,IL,280,3.539
63955,ROAD RANGER #266,"I-72, EXIT 82 & CR-10",New Berlin,IL,280,3.439
63955,ROAD RANGER #266,"I-72, EXIT 82 & CR-10",New Berlin,IL,280,3.479
63957,SUNMART FOOD STORE,SR-37,Bloomington,IN,375,3.499
63959,SPEEDWAY #1429,SR-59 & SR-56,Warrenville,IL,293,3.499
63959,SPEEDWAY #1429,SR-59 & SR-56,Warrenville,IL,293,3.599
63960,BUTLER ONE STOP,"I-69, EXIT 329",Butler                                  ,IN,370,3.519
63962,7-ELEVEN #40505,"I-80, EXIT 90",Elkhart,IN,465,4.11566666
63964,LOVES TRAVEL STOPS #242,"I-35 & FISHER RD, EXIT 144",Von Ormy,TX,740,3.249
63964,LOVES TRAVEL STOP #242,"I-35 & FISHER RD, EXIT 144",Von Ormy,TX,740,3.167
63965,GOOD TO GO #11,"I-65, EXIT 158",Frankfort,IN,375,3.549
63966,PHILS ONE STOP,"I-69, EXIT 309B",Fort Wayne                              ,IN,370,3.67566666
63972,7-ELEVEN #40506,"I-80/I-90, MM 125 WB",Howe,IN,465,3.899
63977,CAREFREE FOOD MART,"I-64, EXIT 92",Leavenworth                             ,IN,415,3.499
63978,Gallops,"I-80, EXIT 107",Midd

